filename, brick, null, other, rustication, siding, stucco
m-4499-L_jpg.rf.b70425bd009832ae8736886b387b4f83.jpg, 0, 0, 1, 0, 0, 0
m-3031-L_jpg.rf.b92dbb30421cd9d210db6e002636dbc6.jpg, 0, 0, 0, 0, 1, 0
m-2046-L_jpg.rf.b94bd484150061ec6b1b01446ceb4929.jpg, 0, 0, 0, 0, 0, 1
m-1451-L_jpg.rf.b6a0be40dda2cc0864feda62d80b0dc8.jpg, 0, 1, 0, 0, 0, 0
m-1064-L_jpg.rf.ba16ef25f4f98a38f0b5a4684f7f45a2.jpg, 0, 0, 1, 0, 0, 0
m-230-L_jpg.rf.ba57a88070ed799740abd57db7340567.jpg, 0, 0, 0, 0, 1, 0
m-316-L_jpg.rf.bd9005663fdb19a3414557d1ae0becee.jpg, 0, 0, 1, 0, 0, 0
m-2730-L_jpg.rf.becdc6060740f9b28207848b1cd4cc0d.jpg, 0, 1, 0, 0, 0, 0
m-3073-L_jpg.rf.bd19f12d0b1b0b6463fa6e10374babc2.jpg, 0, 0, 0, 0, 1, 0
m-3173-L_jpg.rf.ba9523d0b8a95cddd6d7cb3133289fef.jpg, 0, 0, 0, 0, 1, 0
m-319-L_jpg.rf.bc154cd789ce2c99a696eb43e0f65d35.jpg, 1, 0, 0, 0, 0, 0
m-2070-L_jpg.rf.bc790c30282c706e561727c5013c455e.jpg, 0, 0, 0, 0, 0, 1
m-181-L_jpg.rf.b59f5c3ac0134dfe08710d9dec20e57e.jpg, 1, 0, 0, 0, 0, 0
m-2168-L_jpg.rf.befba3d0740f5ce16b6cdc8726c36794.jpg, 0, 0, 0, 1, 0, 1
m-370-L_jpg.rf.c0586df0a598e79b4021787ff32ce017.jpg, 1, 0, 0, 0, 0, 0
m-2519-L_jpg.rf.c1d76b134a5f960b05c41f7716e3307b.jpg, 0, 0, 1, 0, 0, 0
m-3074-L_jpg.rf.bede0d21187b5cde2c1f3c128e704b7f.jpg, 0, 0, 0, 0, 1, 0
m-2862-L_jpg.rf.c1a0bc46d6aef3d7c9c9aba105457b62.jpg, 0, 1, 0, 0, 0, 0
m-3666-L_jpg.rf.c30667435c4b594de097df37a94407b3.jpg, 0, 1, 0, 0, 0, 0
m-2148-L_jpg.rf.b8e66c7cff742fa148cb63dd105b3088.jpg, 0, 0, 0, 0, 0, 1
m-1091-L_jpg.rf.c1fcbba54877c019579749c20fb822cf.jpg, 0, 1, 0, 0, 0, 0
m-942-L_jpg.rf.c46e4d361fb9e44e32c4d8cc151dfc4e.jpg, 0, 0, 1, 0, 0, 0
m-2055-L_jpg.rf.bff325eb2b3b812f08b3cacb5d8680a1.jpg, 0, 0, 0, 0, 0, 1
m-6-L_jpg.rf.c4819b8e7095777ba6ee9c71452c0fc7.jpg, 0, 1, 0, 0, 0, 0
m-2170-L_jpg.rf.c336e1bd5961668be2c9fdccba8dc565.jpg, 0, 0, 0, 0, 0, 1
m-1808-L_jpg.rf.c4b7aad1864dafd68cc221b71aefc2f6.jpg, 0, 1, 0, 0, 0, 0
m-3497-L_jpg.rf.c8cf1207fe65a6203e7f75585d02fc60.jpg, 0, 0, 1, 0, 0, 0
m-79-L_jpg.rf.c4b2ea205a076984f2701ce4c2778903.jpg, 1, 0, 0, 0, 0, 0
m-1132-L_jpg.rf.c8844aaf628d6c1270095d814108fcdc.jpg, 0, 0, 1, 0, 0, 0
m-2087-L_jpg.rf.c52b8d0d7549d0da6c0c7b6a0edd4188.jpg, 0, 0, 0, 0, 1, 0
m-1215-L_jpg.rf.c69af2831dbce09fe445441a40fcfa0d.jpg, 1, 0, 0, 1, 0, 0
m-2185-L_jpg.rf.c7f12011e6345f57ca9f14fcff61509f.jpg, 0, 0, 1, 0, 0, 0
m-497-L_jpg.rf.ccc401dd37f0fa4a14a2697cd4f5fdfe.jpg, 1, 0, 0, 0, 0, 0
m-98-L_jpg.rf.ca750dbb94c85be98980a6279759aebb.jpg, 1, 0, 0, 0, 1, 0
m-3320-L_jpg.rf.c80095a5dd170fb6558d5f49dcad7ebf.jpg, 0, 1, 0, 0, 0, 0
m-101-L_jpg.rf.c7a87fa65abd51cbd2bdc2d3978deee1.jpg, 0, 0, 1, 0, 0, 0
m-2607-L_jpg.rf.cfd7a4a00f8f96afc115bc92c4cfc03c.jpg, 0, 1, 0, 0, 0, 0
m-3057-L_jpg.rf.ca7a7c19693919833c711bc73b30ff47.jpg, 0, 0, 0, 0, 1, 0
m-271-L_jpg.rf.cd76dec541272427ed945e473322518a.jpg, 1, 0, 0, 0, 0, 1
m-3079-L_jpg.rf.ce289a8adf3444fd0dfe5b7e089433ec.jpg, 0, 0, 0, 0, 1, 0
m-997-L_jpg.rf.cd6edd4b15806e97e2bed99b16eb45d7.jpg, 0, 0, 0, 0, 1, 0
m-1655-L_jpg.rf.ce9a3279b4bfdd33d7217c80d2b572ba.jpg, 0, 0, 1, 0, 0, 0
m-279-L_jpg.rf.d2da3f579fdb452134aa219a78190bc0.jpg, 1, 0, 0, 0, 0, 0
m-112-L_jpg.rf.cf31cd84d629d7fe0e6fb8de9d44295b.jpg, 1, 0, 0, 0, 1, 0
m-674-L_jpg.rf.d1a8a869f725590eaab024ccf9bfd7b9.jpg, 0, 1, 0, 0, 0, 0
m-207-L_jpg.rf.d2adda6d93a2a3db8fdff7e861d87941.jpg, 0, 0, 0, 0, 0, 1
m-655-L_jpg.rf.d310b5cfabbb1c184d43122592dd9e76.jpg, 1, 0, 0, 0, 1, 1
m-4554-L_jpg.rf.d0e24244e6bbe3b3650037b0d9114b29.jpg, 0, 0, 1, 0, 0, 0
m-1330-L_jpg.rf.d103e2a1f252e8c8478caeed55167e9e.jpg, 1, 0, 0, 1, 0, 0
m-3-L_jpg.rf.d39736014c0f49baf5f16daeddba1c05.jpg, 1, 0, 0, 0, 0, 0
m-3882-L_jpg.rf.cf5d2e8e6bb12139ee2f67dd7c6258eb.jpg, 0, 0, 0, 0, 1, 0
m-59-L_jpg.rf.d3af0769584cad3d2ef7043750e2248c.jpg, 1, 0, 0, 0, 0, 0
m-3114-L_jpg.rf.d5443fd3d86ca1182526963988de21bc.jpg, 0, 0, 0, 0, 1, 0
m-3824-L_jpg.rf.d89db2fa7978a8210b1db5d71ccc9832.jpg, 0, 0, 1, 0, 0, 0
m-3949-L_jpg.rf.da332cc6cbd2f2417bc325db14bca2b3.jpg, 0, 0, 1, 0, 0, 0
m-4650-L_jpg.rf.d89e8bc2fa6b749f6689e62a1dc0cdc7.jpg, 0, 1, 0, 0, 0, 0
m-1170-L_jpg.rf.da17502804041b5dd735c69f76cdbd37.jpg, 0, 0, 0, 0, 0, 1
m-3050-L_jpg.rf.e17b50db638d399fe249dc549bad9425.jpg, 0, 0, 0, 0, 1, 0
m-1298-L_jpg.rf.dad66344e3b35309b032daedab64c152.jpg, 0, 0, 0, 1, 0, 1
m-4439-L_jpg.rf.d7d748d6ef9b4d126743e99b7b742f4a.jpg, 0, 0, 0, 0, 1, 0
m-4630-L_jpg.rf.d8cbbf96b34db4629eca9bd7e8118690.jpg, 0, 1, 0, 0, 0, 0
m-3101-L_jpg.rf.da04fa34668de8d2b73e99f2e711c432.jpg, 0, 1, 0, 0, 0, 0
m-1789-L_jpg.rf.e140f1c1cb7bead42957344b09a98cca.jpg, 0, 0, 1, 0, 0, 0
m-3569-L_jpg.rf.e303c8886c5eb1a11ed7eed2ca0a9497.jpg, 0, 0, 1, 0, 0, 0
m-3274-L_jpg.rf.e972d038e2cc8bf90f8b95d6f9e270ab.jpg, 0, 1, 0, 0, 0, 0
m-2147-L_jpg.rf.e307fc5f43cd386f59e936d6691c4aee.jpg, 0, 0, 0, 0, 0, 1
m-245-L_jpg.rf.e1a4783f419d1d75f53f5923206fc830.jpg, 1, 0, 0, 0, 1, 0
m-2143-L_jpg.rf.e6c09fc20fd1ab1098fbf2364ee00539.jpg, 0, 0, 0, 0, 0, 1
m-3504-L_jpg.rf.dce1c7f5b83a9e620212a4daae5f8637.jpg, 0, 0, 0, 0, 1, 0
m-1151-L_jpg.rf.da6f99dc5f02420135242768015621f9.jpg, 0, 0, 0, 0, 0, 1
m-3039-L_jpg.rf.db3121aaefb48939ab93e69859f2a414.jpg, 0, 0, 0, 0, 1, 0
m-3108-L_jpg.rf.e8a36d7ec3b323f0bd81f2fbd1662ea4.jpg, 0, 0, 0, 0, 1, 0
m-1472-L_jpg.rf.e73f46ac5693ddc88bc4ef8449f9571d.jpg, 0, 0, 0, 0, 0, 1
m-2048-L_jpg.rf.eaf1206e38d5fea47d2bc8e91915e9ec.jpg, 0, 0, 0, 0, 0, 1
m-242-L_jpg.rf.ea4b53755fe655f7657a4b15741ccc8f.jpg, 1, 0, 0, 0, 0, 0
m-3507-L_jpg.rf.e964a94feaa7725730b5dfb0383f305e.jpg, 0, 0, 1, 0, 0, 0
m-3034-L_jpg.rf.ebfc3478dc370b67bbe964ee244c5bf1.jpg, 0, 0, 0, 0, 1, 0
m-3654-L_jpg.rf.ecc764f85a09b183cf6090c508642f46.jpg, 0, 1, 0, 0, 0, 0
m-1832-L_jpg.rf.df8a2f03b38214faf99cd8ed35604580.jpg, 0, 0, 1, 0, 0, 0
m-2022-L_jpg.rf.dcb856f506f53be2cfc28ddd8935f642.jpg, 0, 0, 0, 1, 0, 1
m-438-L_jpg.rf.edda9d8f32cad6720f699882bb14c066.jpg, 1, 0, 0, 0, 0, 0
m-719-L_jpg.rf.ed8197af397cf3ccd895f489cbbedd9d.jpg, 0, 0, 1, 0, 0, 0
m-4223-L_jpg.rf.f4d7fdf4687d8844b8120d50c87f89e3.jpg, 0, 0, 0, 0, 1, 0
m-517-L_jpg.rf.f23af25327bc6cd03967d06a26d6d59f.jpg, 1, 0, 0, 0, 1, 0
m-4606-L_jpg.rf.ee953e976b5f51613a9dff6be525ab62.jpg, 0, 0, 1, 0, 0, 0
m-253-L_jpg.rf.f2a08b60b1ae267c8c28b67e0197a049.jpg, 1, 0, 0, 0, 0, 0
m-39-L_jpg.rf.f55459f720956eefe27460b12af665ea.jpg, 1, 0, 0, 0, 0, 1
m-3046-L_jpg.rf.fd12111a29b9f17dd3dc10fb2bc64167.jpg, 1, 0, 0, 0, 1, 0
m-2342-L_jpg.rf.f55c5f63c3fe44d4a80e47eb2c55c501.jpg, 0, 0, 1, 0, 0, 0
m-4455-L_jpg.rf.f4874a36d883387ec793fabecabf029d.jpg, 0, 0, 1, 0, 0, 0
m-2586-L_jpg.rf.f97b8afe590756483964d7f2829464f2.jpg, 0, 0, 1, 0, 0, 0
m-157-L_jpg.rf.fc2b5dfdad0f57f3718e03b5b7441eab.jpg, 0, 1, 0, 0, 0, 0
m-3179-L_jpg.rf.fce32bdc96d7e993fe3e64cdf306ff52.jpg, 0, 0, 0, 0, 1, 0
m-484-L_jpg.rf.f6dd08ebbab6c6ef2eb799b0e4e306fe.jpg, 1, 0, 0, 0, 1, 0
m-3144-L_jpg.rf.f9058ae5d0da25bb9a96b052715c1145.jpg, 0, 0, 1, 0, 0, 0
m-4138-L_jpg.rf.eaa527b18b3b5d852ce6ebbb8a9c8805.jpg, 0, 0, 0, 0, 1, 0
m-1762-L_jpg.rf.f6859fe6a8e6b038319c320129c57c75.jpg, 0, 1, 0, 0, 0, 0
m-3859-L_jpg.rf.fd2e45a444b788a8b250d6af40cae971.jpg, 0, 0, 0, 0, 1, 0
m-3027-L_jpg.rf.fe3b35f477d4129a68b62111643f9548.jpg, 0, 0, 0, 0, 1, 0
m-1017-L_jpg.rf.f814f5fba4f3451b05afd43063590f44.jpg, 0, 0, 1, 0, 0, 0
m-2447-L_jpg.rf.fdb47719e26fc42d77e6d9a1c34e896d.jpg, 0, 0, 1, 0, 0, 0
m-2094-L_jpg.rf.f7252f1274249a4a7a1933419d9a2f45.jpg, 0, 0, 0, 0, 0, 1
m-352-L_jpg.rf.fd7675c352f5c7f0c8ef2ac42c9c4bc2.jpg, 1, 0, 0, 0, 0, 0
m-730-L_jpg.rf.fe98f958b4803aa68856ba0985013281.jpg, 0, 0, 1, 0, 0, 0
m-3044-L_jpg.rf.ffcdae5619b55d68e39bc0442947314c.jpg, 0, 0, 0, 0, 1, 0
m-3570-L_jpg.rf.00e6536e4045a0ebe00d631a0da6eddc.jpg, 0, 0, 1, 0, 0, 0
m-36-L_jpg.rf.0237dbfc5ba2679893513805dcf0549e.jpg, 1, 0, 0, 0, 0, 0
m-3401-L_jpg.rf.0ef26d78b70fe8f1a0efbf21a3f62e42.jpg, 0, 0, 0, 0, 1, 1
m-1011-L_jpg.rf.0d5f77fae7b2a22a83c402c5bb8bd243.jpg, 0, 0, 0, 0, 0, 1
m-4566-L_jpg.rf.014da39394778772b0b8e6142ce804ac.jpg, 0, 1, 0, 0, 0, 0
m-4662-L_jpg.rf.01d1bf9350b4cead9a08d2f4062ac84f.jpg, 0, 1, 0, 0, 0, 0
m-2129-L_jpg.rf.02d5568221bc34fc4e29b3e00ea2fbeb.jpg, 0, 0, 1, 0, 0, 0
m-2128-L_jpg.rf.04b94ef70f2d9ba4898699d941392d32.jpg, 0, 1, 0, 0, 0, 0
m-3395-L_jpg.rf.065144a14f6f569f5c68d4b1e648306b.jpg, 0, 0, 0, 0, 1, 0
m-117-L_jpg.rf.084546c1e2cc9f587bd0685148e50b21.jpg, 1, 0, 0, 0, 0, 0
m-1177-L_jpg.rf.0bcca3ea8446984c6d7e2b586d35c5db.jpg, 0, 0, 1, 0, 0, 0
m-376-L_jpg.rf.02f085da94a2331c99f5cc70e29ee2dc.jpg, 1, 0, 0, 0, 0, 1
m-265-L_jpg.rf.05b2e4588a8a3cf0b078034edbb35b47.jpg, 1, 0, 0, 0, 0, 0
m-3049-L_jpg.rf.04eccab348a13cd4465bc8612021b705.jpg, 0, 0, 0, 0, 1, 0
m-910-L_jpg.rf.0693b5e70a4e68b1d83eedb227e4c549.jpg, 1, 0, 0, 1, 0, 0
m-1079-L_jpg.rf.0c4dea643b42cb81c034bdaff82e9fd7.jpg, 0, 1, 0, 0, 0, 0
m-1473-L_jpg.rf.0f55b29a04b719dbe5c989ed4fb3cc1d.jpg, 0, 0, 0, 0, 0, 1
m-1003-L_jpg.rf.0fd7dcfb0f242886dee900367afea718.jpg, 1, 0, 0, 0, 0, 1
m-3664-L_jpg.rf.10ce9609973f6c6ec02db170bc1f53e4.jpg, 0, 0, 0, 0, 1, 1
m-1371-L_jpg.rf.0c673c594a88185b47b3292c26396b50.jpg, 0, 0, 1, 0, 0, 0
m-90-L_jpg.rf.151bc46109be4a02c1d290d5b22aa7a4.jpg, 0, 0, 0, 0, 0, 1
m-1293-L_jpg.rf.13663a3a281357c6b14b489f22999dec.jpg, 0, 0, 1, 0, 0, 0
m-3078-L_jpg.rf.154c753bfacf43af3e88fccb00fc643c.jpg, 0, 0, 0, 0, 1, 0
m-2134-L_jpg.rf.098a8933a842caa9b9423d3895af28a0.jpg, 0, 0, 0, 1, 0, 0
m-255-L_jpg.rf.119affb8982aad9702a3d18b3b6e634f.jpg, 0, 1, 0, 0, 0, 0
m-64-L_jpg.rf.1620eb927d0107480d69371ef198d6c9.jpg, 1, 0, 0, 0, 0, 0
m-2071-L_jpg.rf.182880170f9bd48ce45fcf2dab54322e.jpg, 0, 0, 0, 0, 0, 1
m-470-L_jpg.rf.169819d94ccf6e15ab25738c01de2ec3.jpg, 1, 0, 0, 0, 0, 0
m-35-L_jpg.rf.167114fdf119fd3fd6bd4fd7460936b2.jpg, 1, 0, 0, 0, 0, 0
m-3038-L_jpg.rf.17b5901c82a929c93f224a6884408384.jpg, 0, 0, 0, 0, 1, 0
m-312-L_jpg.rf.1aa340cce866ade15f47002a71f12c08.jpg, 1, 0, 0, 0, 0, 0
m-206-L_jpg.rf.18968d92cb2241c353b89846564345c7.jpg, 1, 0, 0, 0, 0, 0
m-1359-L_jpg.rf.1a3ea47889c7b910ea3851c8688f4be2.jpg, 0, 0, 0, 0, 0, 1
m-2108-L_jpg.rf.1d0aa927ed2b13afcfd4d784e22f7272.jpg, 0, 0, 0, 0, 0, 1
m-3107-L_jpg.rf.1fd8e3bcf30feab007c6b480add8ec65.jpg, 0, 0, 0, 0, 1, 0
m-385-L_jpg.rf.1cf4f4073354e8833fc5458f9b9aa06a.jpg, 0, 0, 0, 0, 1, 0
m-2072-L_jpg.rf.20817f9f80c47259b1e5eb8172202cec.jpg, 0, 0, 1, 0, 0, 0
m-34-L_jpg.rf.1f5895394aab023627ab035d82304b2c.jpg, 1, 0, 0, 0, 0, 0
m-1230-L_jpg.rf.20b468ed0c60bb0053e2b32ecc946e60.jpg, 0, 0, 0, 0, 0, 1
m-4328-L_jpg.rf.1b547babdf3e2b5cbc266259f49dd198.jpg, 0, 1, 0, 0, 0, 0
m-2592-L_jpg.rf.1f9cdd1e6c679aa17b60ba7acbe8c43a.jpg, 0, 1, 0, 0, 0, 0
m-4567-L_jpg.rf.2048f063931e11dbaedb8713a9208ec1.jpg, 0, 0, 1, 0, 0, 0
m-89-L_jpg.rf.1d9bab2fe3af57608b7b87efff77a4d3.jpg, 1, 0, 0, 0, 0, 1
m-277-L_jpg.rf.15f2a82f20feec63c28eefb4414da043.jpg, 1, 0, 0, 0, 0, 1
m-2107-L_jpg.rf.1f21c15a33f8fdd78ba2eb559889210a.jpg, 0, 0, 0, 0, 0, 1
m-296-L_jpg.rf.209d23d487626e6101fae60783aaa6cd.jpg, 1, 0, 0, 0, 0, 0
m-2195-L_jpg.rf.1a050249ba9b31df5e3fe69b40f7a2db.jpg, 1, 0, 0, 0, 0, 1
m-2034-L_jpg.rf.18eb15b71c4f27f9ef6688b3fefeb933.jpg, 0, 0, 0, 0, 1, 0
m-2088-L_jpg.rf.1da88fe369f97d0eecaccb656c889624.jpg, 0, 0, 0, 0, 0, 1
m-23-L_jpg.rf.2215a8e06177d43108dadaee9e265290.jpg, 0, 1, 0, 0, 0, 0
m-109-L_jpg.rf.1dbc102950f39cbe59e84916b0e2f3fc.jpg, 1, 0, 0, 0, 0, 0
m-4146-L_jpg.rf.20b6a1f25c37f3ae987491241cd917a4.jpg, 0, 1, 0, 0, 0, 0
m-189-L_jpg.rf.250509bda974a390df96d4c1d3e54a30.jpg, 1, 0, 0, 0, 1, 1
m-308-L_jpg.rf.232132800d580ad0411afae2d95ec543.jpg, 1, 0, 0, 0, 0, 0
m-3999-L_jpg.rf.24bd63b2fb71a34fd020505e3d26c9c6.jpg, 0, 1, 0, 0, 0, 0
m-1569-L_jpg.rf.223b671073bf4665f1caabe46dcd4d6b.jpg, 0, 0, 1, 0, 0, 0
m-656-L_jpg.rf.27e02643efbc72d7c31a6296dfd85e91.jpg, 0, 0, 1, 0, 0, 0
m-569-L_jpg.rf.26394a7985c2b54b1470dda3fc242bca.jpg, 0, 0, 0, 0, 1, 0
m-573-L_jpg.rf.296070158ca1def711ebb4c74b266091.jpg, 0, 0, 1, 0, 0, 0
m-15-L_jpg.rf.26176acd0e43dadc8cb23991ecfde8c5.jpg, 0, 1, 0, 0, 0, 0
m-2647-L_jpg.rf.2adf8309ff094842301f79ae039a38f6.jpg, 0, 0, 1, 0, 0, 0
m-3383-L_jpg.rf.32dc4ee0fa37141559c18d3a15592003.jpg, 0, 0, 0, 0, 1, 0
m-77-L_jpg.rf.35743edcfa329f46b752bfe286ecba6f.jpg, 1, 0, 0, 0, 0, 0
m-486-L_jpg.rf.2db3c766164ac65775b19bcae7124e7a.jpg, 0, 0, 0, 0, 0, 1
m-2596-L_jpg.rf.38e6d674a9de212671db350ea28bd06e.jpg, 0, 0, 0, 0, 1, 0
m-247-L_jpg.rf.2aa373022826ab05b5add24668eaed27.jpg, 0, 0, 0, 1, 0, 1
m-3290-L_jpg.rf.35d490f47a2b217a5eacb355c4497d46.jpg, 0, 1, 0, 0, 0, 0
m-3066-L_jpg.rf.376344b0bab7dcff32e5d8d3019f60d5.jpg, 0, 0, 0, 0, 1, 0
m-4510-L_jpg.rf.31a7e22c13642e9d8c6bb750f93aea4c.jpg, 1, 0, 0, 0, 1, 0
m-2618-L_jpg.rf.3298706a3c8c52ea887d55ee2e2fab76.jpg, 0, 0, 0, 0, 1, 0
m-3673-L_jpg.rf.362c595b86b4cce4a3c2c9d409e5b6d9.jpg, 0, 0, 1, 0, 0, 0
m-52-L_jpg.rf.2d4ec391f197f152c8fd53591079adda.jpg, 1, 0, 0, 0, 1, 0
m-2085-L_jpg.rf.359c7eea28638439a2336a1bf842f9bf.jpg, 0, 0, 0, 0, 0, 1
m-3578-L_jpg.rf.31b52f5822a11e82a799e1c032f9c369.jpg, 0, 0, 1, 0, 0, 0
m-1245-L_jpg.rf.2aeca761963eda03b2e5a12f95cec4b1.jpg, 0, 0, 0, 0, 1, 0
m-3261-L_jpg.rf.2ca7866e0ee570d655dcf8b3fc7084b4.jpg, 0, 0, 0, 0, 1, 0
m-568-L_jpg.rf.38fca298357ab827b4f0323d3a1ac4e9.jpg, 0, 0, 0, 0, 0, 1
m-3523-L_jpg.rf.36ef5c53117e1aec8bc02e38910ed9aa.jpg, 0, 0, 1, 0, 0, 0
m-2059-L_jpg.rf.3b30b7418f585ce0a863373162216f05.jpg, 0, 1, 0, 0, 0, 0
m-1448-L_jpg.rf.3b4f06f48c90b2f8d785b2099fd82d1b.jpg, 0, 0, 1, 0, 0, 0
m-4650-L_jpg.rf.3e0d90a749f004b5d62f5c143f1a8d2d.jpg, 0, 1, 0, 0, 0, 0
m-1636-L_jpg.rf.39a65503d702bbba0c70f34c92f7bdf1.jpg, 0, 1, 0, 0, 0, 0
m-315-L_jpg.rf.3e81c5a96e7ae3c5ddd160cae983b557.jpg, 1, 0, 0, 0, 0, 0
m-2490-L_jpg.rf.3d09b9839c1349f264b3cd5629bdf49b.jpg, 0, 1, 0, 0, 0, 0
m-2063-L_jpg.rf.3f3cfe7d007297c7e0856db4a81daa1c.jpg, 0, 0, 0, 0, 0, 1
m-3033-L_jpg.rf.400cd720bd3a34a1a60bef139a7f8a58.jpg, 0, 0, 0, 0, 1, 0
m-1174-L_jpg.rf.4265f0fbf1f6f6f973ff336d23daecbf.jpg, 1, 0, 0, 0, 0, 1
m-1587-L_jpg.rf.40b69cef618caf44e1c5eb6e3c14cbe1.jpg, 0, 0, 0, 1, 0, 1
m-3976-L_jpg.rf.40c1e099fd432929be25a184b53d4d05.jpg, 0, 0, 1, 0, 0, 0
m-3595-L_jpg.rf.43649fcfa3e7aa47592f197bd3de52e3.jpg, 0, 0, 0, 0, 1, 0
m-2145-L_jpg.rf.3dee4a8154f7abaccfeac99cf1613617.jpg, 0, 1, 0, 0, 0, 0
m-3831-L_jpg.rf.4094f1509a4ca3ac63625a42edb7c1f2.jpg, 0, 1, 0, 0, 0, 0
m-536-L_jpg.rf.45317023ff4c2c5b809d447a2de39cb2.jpg, 1, 0, 0, 0, 0, 0
m-3589-L_jpg.rf.41c00c5b000b09c396613931b3f8374e.jpg, 0, 0, 0, 0, 1, 0
m-3800-L_jpg.rf.42a777f8ebb718c1012f50db9f2356a3.jpg, 0, 0, 1, 0, 0, 0
m-208-L_jpg.rf.4b8594c572ef4763383b5b3b08295e57.jpg, 0, 0, 0, 0, 1, 0
m-1183-L_jpg.rf.4925f963e74e001488d311801b4fb408.jpg, 0, 0, 1, 0, 0, 0
m-350-L_jpg.rf.4441d13546ef161f595ddbeabab3d66a.jpg, 0, 0, 0, 0, 1, 0
m-472-L_jpg.rf.4a3423eca2f2ccc2a67bcf9c027f5004.jpg, 1, 0, 0, 0, 0, 0
m-4393-L_jpg.rf.4b1a01390b99f1516560e082d9730454.jpg, 0, 1, 0, 0, 0, 0
m-1484-L_jpg.rf.4e3cc081f883ae1f6a2cc84463281032.jpg, 0, 1, 0, 0, 0, 0
m-146-L_jpg.rf.4d7731eb6be69289ede796f5cae2b974.jpg, 1, 0, 0, 0, 0, 0
m-244-L_jpg.rf.4e9c16b50d4f9bfdb8fedd9d0d2af46f.jpg, 0, 0, 0, 0, 1, 0
m-1337-L_jpg.rf.4a8cb61bb3b6c59b87175862a1dd516d.jpg, 0, 0, 1, 0, 0, 0
m-2005-L_jpg.rf.44fbb014ddc7994f95c09d1ee85cc9b2.jpg, 0, 0, 1, 0, 0, 0
m-3712-L_jpg.rf.4da38c9feee6fcb2c64573ebc1f314a9.jpg, 0, 0, 1, 0, 0, 0
m-26-L_jpg.rf.503fc5f57d1030b853d4d226323b4705.jpg, 0, 1, 0, 0, 0, 0
m-113-L_jpg.rf.424956ee9ee10faa786befefb46c60f9.jpg, 1, 0, 0, 0, 0, 0
m-1069-L_jpg.rf.506ec1de52778331b166a932c6367f7c.jpg, 0, 0, 1, 0, 0, 0
m-3149-L_jpg.rf.51575374beee6acb39b7066c48d83cb8.jpg, 0, 0, 0, 0, 1, 0
m-1019-L_jpg.rf.53a497229e17d856c6bd11fe8375a552.jpg, 0, 0, 1, 0, 0, 0
m-815-L_jpg.rf.50e25534658f9c61d17408ad648daa66.jpg, 0, 0, 0, 1, 0, 0
m-2062-L_jpg.rf.3f2af5299c8116b1363556435990e25f.jpg, 0, 0, 0, 1, 0, 1
m-263-L_jpg.rf.52531d9ccc17dad763eb824c950e02be.jpg, 1, 0, 0, 0, 0, 0
m-2047-L_jpg.rf.52d5713c41a7cab22e2a6d3e0757f9b3.jpg, 0, 0, 0, 0, 0, 1
m-3085-L_jpg.rf.5952193a41af0d2f849bdab0eebe9bea.jpg, 0, 0, 0, 0, 1, 0
m-3505-L_jpg.rf.5860387f87cec0dd451573dbee7c31b7.jpg, 1, 0, 0, 0, 1, 0
m-246-L_jpg.rf.5ba812f796ed313bf65b58af31ad8b3a.jpg, 1, 0, 0, 1, 0, 0
m-213-L_jpg.rf.50e01431718f1b49c76322190e64be5d.jpg, 1, 0, 0, 0, 0, 0
m-2440-L_jpg.rf.59f347984e92f19d731328a5c9a014e7.jpg, 0, 1, 0, 0, 0, 0
m-3941-L_jpg.rf.4f10c19d9e8907660ea8304970718f56.jpg, 0, 1, 0, 0, 0, 0
m-4602-L_jpg.rf.5a333e296928a96e2b537991b8128feb.jpg, 0, 1, 0, 0, 0, 0
m-736-L_jpg.rf.5746bb7b1aa48db8f4d4119f417d2306.jpg, 0, 0, 1, 0, 0, 0
m-2116-L_jpg.rf.5e91ce22dcc04b624d783c7c5a0e8c05.jpg, 1, 0, 0, 1, 0, 0
m-4232-L_jpg.rf.5c0b3ef19968bd667b60a66cfe75b230.jpg, 0, 0, 1, 0, 0, 0
m-3130-L_jpg.rf.58d126c5f6b8ca140192aa694e661206.jpg, 0, 1, 0, 0, 0, 0
m-372-L_jpg.rf.58f2be2a2702a4d86ab32aef19396237.jpg, 1, 0, 0, 0, 0, 1
m-1355-L_jpg.rf.5fb508cedd93e50588b9dad924cb4fce.jpg, 0, 0, 0, 0, 0, 1
m-196-L_jpg.rf.5e776f45d955a48599381f231d2b0027.jpg, 1, 0, 0, 0, 0, 0
m-1165-L_jpg.rf.6036f010f49ba3b1ebd072f810d48bcb.jpg, 0, 0, 0, 0, 0, 1
m-14-L_jpg.rf.564ae5757bad59774373ea8e92e4ba23.jpg, 0, 1, 0, 0, 0, 0
m-1522-L_jpg.rf.6106ce4c0765ae32f0bf694e44107e49.jpg, 0, 1, 0, 0, 0, 0
m-356-L_jpg.rf.63195d1136aa033bcd74d6459390a6cb.jpg, 1, 0, 0, 0, 0, 0
m-4026-L_jpg.rf.62130d6c38f5ece7943cd5c2d4687a6a.jpg, 1, 0, 0, 0, 1, 0
m-423-L_jpg.rf.6372647d89392c2515c2efeba7344a3b.jpg, 0, 0, 0, 0, 1, 0
m-544-L_jpg.rf.65c4fd6819548f52ec379f0978d4dfe1.jpg, 1, 0, 0, 0, 0, 0
m-199-L_jpg.rf.5573e050641120665e808913c52d8114.jpg, 1, 0, 0, 0, 0, 1
m-774-L_jpg.rf.644098c243888426309bc4e8252b680e.jpg, 0, 0, 0, 0, 1, 0
m-3008-L_jpg.rf.64b4d0887571f946a37d5871c1a2959f.jpg, 1, 0, 0, 0, 0, 1
m-3931-L_jpg.rf.674641394a6adeb903c7e543fadb6f8d.jpg, 0, 1, 0, 0, 0, 0
m-284-L_jpg.rf.6b1656201c2767bb6476bb78062da0ce.jpg, 1, 0, 0, 0, 0, 0
m-25-L_jpg.rf.6e1648c154d4a32989f3d16023853baa.jpg, 0, 1, 0, 0, 0, 0
m-86-L_jpg.rf.6d9acf1bddd020b1b61024253746231d.jpg, 1, 0, 0, 0, 0, 0
m-594-L_jpg.rf.6ad8fadce3cb3b11e7008a64ee492e45.jpg, 1, 0, 0, 1, 0, 0
m-2068-L_jpg.rf.6ec15dc9cefaf268e290c73730820b7c.jpg, 0, 0, 1, 0, 0, 0
m-1871-L_jpg.rf.6bbe4c3a33290e5a4e982442d8e80630.jpg, 0, 1, 0, 0, 0, 0
m-2163-L_jpg.rf.65d4533f01829c16eaa9ce5ecf08e765.jpg, 0, 1, 0, 0, 0, 0
m-258-L_jpg.rf.6d1a401e2961f188d1c8e76e9d8fe085.jpg, 1, 0, 0, 0, 1, 0
m-182-L_jpg.rf.683f1ce08750ca27d5fb92ca9a281fb9.jpg, 1, 0, 0, 0, 0, 0
m-3112-L_jpg.rf.70745a046acf5c7931a35fdda18ff7a3.jpg, 0, 0, 0, 0, 1, 0
m-3947-L_jpg.rf.6d401f953a2557d3fbf0abd9fa773b0b.jpg, 0, 0, 1, 0, 0, 0
m-2057-L_jpg.rf.6f853d7db8e4b49739c31bb150c8a6a1.jpg, 0, 0, 0, 0, 0, 1
m-1190-L_jpg.rf.687d084ae3927c51a50523da638b222b.jpg, 0, 0, 0, 0, 0, 1
m-2215-L_jpg.rf.52bc1414cd9de686be90a85478860213.jpg, 1, 0, 0, 1, 0, 0
m-4766-L_jpg.rf.6f86cc0707896c68d40224028668606f.jpg, 0, 0, 0, 0, 1, 0
m-91-L_jpg.rf.71d3b3aee3139dc5a3b6e15268443e59.jpg, 0, 0, 0, 0, 1, 0
m-3362-L_jpg.rf.6f2605d4e9c90db964027fa77d0085de.jpg, 0, 0, 1, 0, 0, 0
m-2018-L_jpg.rf.73bd4cf9d646fca3832d60fb65792573.jpg, 0, 1, 0, 0, 0, 0
m-2091-L_jpg.rf.6db8ee77c93dd20f4014437c4d356609.jpg, 0, 0, 0, 0, 0, 1
m-1108-L_jpg.rf.752f95f5598fe19e990cd6492edb0815.jpg, 1, 0, 0, 1, 0, 0
m-268-L_jpg.rf.747a1d846024a9d80da4cf6ddf58b437.jpg, 1, 0, 0, 0, 0, 0
m-1625-L_jpg.rf.70abf33f3b79523d4cdb1417a27743a6.jpg, 0, 0, 1, 0, 0, 0
m-530-L_jpg.rf.7263b6601ffa32cc1f68911a837973f4.jpg, 1, 0, 0, 0, 0, 0
m-1754-L_jpg.rf.7633f22387d0a4bdd320ab9d07149bfb.jpg, 0, 0, 0, 0, 0, 1
m-3002-L_jpg.rf.79a08c9e74566cd498950f67f9aa3bd7.jpg, 0, 0, 0, 0, 1, 0
m-2441-L_jpg.rf.767ad34bdbb35f09a4cfdc6be0a84e97.jpg, 0, 0, 1, 0, 0, 0
m-55-L_jpg.rf.76759549e9d817c925007189e19ae7be.jpg, 1, 0, 0, 0, 0, 0
m-2241-L_jpg.rf.766585eb808141575bf5a3ea94f6b78e.jpg, 0, 0, 0, 1, 0, 0
m-3110-L_jpg.rf.7bbe9bf033fbf4913d9fabf1779681ff.jpg, 0, 0, 0, 0, 1, 0
m-4567-L_jpg.rf.84fe0f443ed901863d3f0ce005b02648.jpg, 0, 0, 1, 0, 0, 0
m-1110-L_jpg.rf.7d36ce9dfecfdb60f682d5a47bd2030d.jpg, 1, 0, 0, 1, 0, 0
m-4814-L_jpg.rf.7b7ba8078d9a93798ebeb49586738ea9.jpg, 0, 0, 0, 0, 1, 0
m-3929-L_jpg.rf.7c036f3db22e0aca6e4c5695258494d0.jpg, 0, 0, 1, 0, 0, 0
m-979-L_jpg.rf.7d326e42477eebc25329115bbe8fd89d.jpg, 0, 0, 0, 1, 0, 1
m-2169-L_jpg.rf.7a24e2a47c6b3887858fee0be7f95ecc.jpg, 0, 0, 0, 0, 0, 1
m-2324-L_jpg.rf.7ae8852716cbef949005e13a49f57188.jpg, 0, 1, 0, 0, 0, 0
m-662-L_jpg.rf.84780b9f6cbc51ca5805401e3fa74989.jpg, 0, 1, 0, 0, 0, 0
m-145-L_jpg.rf.851193df26023b5757591dbe5c64b6ac.jpg, 1, 0, 0, 0, 0, 0
m-65-L_jpg.rf.831ece8c09ef6a6aefbff96fbb3df9de.jpg, 0, 1, 0, 0, 0, 0
m-11-L_jpg.rf.71e2af09debe36c8bc71afb797268acf.jpg, 0, 1, 0, 0, 0, 0
m-1217-L_jpg.rf.84fae8606bd6c737f26b245f602ed51b.jpg, 0, 0, 0, 0, 0, 1
m-1227-L_jpg.rf.8104cd844f044eb40bb9b47486820453.jpg, 0, 0, 0, 0, 0, 1
m-2882-L_jpg.rf.7d159220ef4f82cfe3009ad01ee2fd4d.jpg, 0, 0, 1, 0, 0, 0
m-3539-L_jpg.rf.8270084cf9c2d86c2cc25a45cd76075a.jpg, 0, 1, 0, 0, 0, 0
m-2020-L_jpg.rf.7d606d8ca770400928b733954fe321d4.jpg, 1, 0, 0, 0, 0, 1
m-1213-L_jpg.rf.8203cf92ab344bfc528c33be9a299eaa.jpg, 0, 0, 0, 1, 0, 1
m-355-L_jpg.rf.7c45b52e91b90d19ba65d8a270143b15.jpg, 1, 0, 0, 0, 0, 1
m-3030-L_jpg.rf.853253a696fd3fb628cf4566889e52b7.jpg, 0, 1, 0, 0, 0, 0
m-4630-L_jpg.rf.80b6f43cbbb4147e4b8a81e0e79256a9.jpg, 0, 1, 0, 0, 0, 0
m-78-L_jpg.rf.88c5ebcef2ba0a0852205ff3c30d464a.jpg, 0, 0, 1, 0, 0, 0
m-180-L_jpg.rf.8ed1782e14eb3460020e394d0a48c501.jpg, 1, 0, 0, 0, 0, 0
m-3122-L_jpg.rf.905f4ee74251a63251f31ccdab54b38e.jpg, 0, 0, 0, 0, 1, 0
m-1242-L_jpg.rf.90316c2f962b01bc639557f674d82705.jpg, 0, 1, 0, 0, 0, 0
m-3391-L_jpg.rf.8726974715d18a7f1a73e9bdeb335ecf.jpg, 0, 0, 0, 0, 1, 0
m-229-L_jpg.rf.908a5b327491037b8edc27864c130c37.jpg, 1, 0, 0, 0, 0, 0
m-2567-L_jpg.rf.85ddd1d83ed19dfdc26ba09cf8c444d2.jpg, 0, 0, 0, 0, 1, 0
m-2053-L_jpg.rf.90aa7ddb7c54f34cddcb1938a3244cd8.jpg, 0, 1, 0, 0, 0, 0
m-3665-L_jpg.rf.9469d3026e70829d3fad67be2ca30487.jpg, 0, 1, 0, 0, 0, 0
m-3581-L_jpg.rf.8566ac59d57f6fef2fd2ecb9abab76bf.jpg, 0, 0, 1, 0, 0, 0
m-2153-L_jpg.rf.9967df2dff79695d2fc12b7b590bca3c.jpg, 0, 0, 0, 0, 0, 1
m-4710-L_jpg.rf.96e697cee35d67dd50d095a1b5dfda80.jpg, 0, 1, 0, 0, 0, 0
m-2111-L_jpg.rf.96322e47d4d71fba2958ac668c59c3bf.jpg, 0, 0, 0, 0, 0, 1
m-10-L_jpg.rf.968d01580cf9058d584289854e5e52ff.jpg, 0, 0, 1, 0, 0, 0
m-2137-L_jpg.rf.97da89fbf9f03a7a7a5cc8e2032f59ce.jpg, 0, 0, 0, 0, 0, 1
m-2259-L_jpg.rf.9af6dbe27a6af0213b9f8b500d0e8add.jpg, 0, 1, 0, 0, 0, 0
m-358-L_jpg.rf.9483a1e7c39942d684470844643b250e.jpg, 1, 0, 0, 0, 0, 0
m-1403-L_jpg.rf.99b8aa4738451df9cd5710336a94e5b1.jpg, 1, 0, 0, 1, 0, 0
m-2184-L_jpg.rf.9ac5bcef44a8a966df941328c6085f83.jpg, 0, 1, 0, 0, 0, 0
m-4466-L_jpg.rf.952236e9b85059fc58db84d165c685ae.jpg, 0, 0, 0, 0, 1, 0
m-1099-L_jpg.rf.9987167c99bb064840d1aef8e336c44c.jpg, 0, 0, 0, 0, 0, 1
m-507-L_jpg.rf.9b231eeb394028942ac5f714ece2b28d.jpg, 1, 0, 0, 0, 1, 0
m-3237-L_jpg.rf.9fd6ca7a9c049eea04c5c3bdfa48c359.jpg, 0, 0, 1, 0, 0, 0
m-97-L_jpg.rf.9bbb73a8a728660357cc6b81e1486970.jpg, 1, 0, 0, 0, 0, 1
m-2050-L_jpg.rf.9a6fedbd100932cac1d06a85ff2cada6.jpg, 0, 0, 0, 0, 1, 0
m-2589-L_jpg.rf.956ff9ceb35c907619fa7a63f8d5a61b.jpg, 0, 0, 0, 0, 1, 0
m-4795-L_jpg.rf.a1124f4f038bd9c8f50821be8c80c5e3.jpg, 0, 0, 0, 0, 1, 0
m-4117-L_jpg.rf.99f5ce998ada389ae45de490c5f80cff.jpg, 0, 1, 0, 0, 0, 0
m-3955-L_jpg.rf.9bf6ce956dab37f0d82cf83b000c204d.jpg, 0, 0, 1, 0, 0, 0
m-446-L_jpg.rf.9fde03a49ff540544f9bf3728bdf8103.jpg, 0, 0, 0, 0, 1, 0
m-4421-L_jpg.rf.a44d903fb68ef1851c607a43435ee4b5.jpg, 0, 0, 1, 0, 0, 0
m-2067-L_jpg.rf.a2f827b0e9ddf7008ebb6dd2e3321874.jpg, 0, 0, 0, 0, 0, 1
m-4566-L_jpg.rf.8ce9de31f281f936329b2fb92516213d.jpg, 0, 0, 1, 0, 0, 0
m-100-L_jpg.rf.a6bf3d861055de4e549f4d5aec825ef8.jpg, 0, 0, 0, 0, 1, 0
m-3692-L_jpg.rf.a7c7f99fb21d538fee81a80d96631848.jpg, 0, 1, 0, 0, 0, 0
m-1163-L_jpg.rf.a68b4564fef66fd96c67e60a21f2b11a.jpg, 0, 0, 0, 0, 0, 1
m-3075-L_jpg.rf.a6cdf9ad86973aaee6737ec6b9d6affd.jpg, 0, 0, 0, 0, 0, 1
m-1157-L_jpg.rf.96f5073dd9803570afe45d5aae5c5567.jpg, 0, 0, 0, 1, 0, 1
m-1270-L_jpg.rf.a857022c9fbc21d39aa2ac4d7d5118b3.jpg, 1, 0, 0, 1, 0, 0
m-495-L_jpg.rf.ab07b1d698ad620aba9698ee162e0d10.jpg, 0, 0, 1, 0, 0, 0
m-3686-L_jpg.rf.aacb9d7832510898124ad7794890290f.jpg, 0, 0, 1, 0, 0, 0
m-2114-L_jpg.rf.a93285acee13f8ae40a73670ce1e99a3.jpg, 0, 0, 0, 0, 0, 1
m-4674-L_jpg.rf.aa74bde1f668163c275162cb903d6dc3.jpg, 0, 0, 0, 0, 1, 0
m-4167-L_jpg.rf.a7474e5f9c56e88c8143fca53c213595.jpg, 0, 1, 0, 0, 0, 0
m-2081-L_jpg.rf.adca0a9c5e6d34a490a749ab93ba771d.jpg, 0, 0, 0, 0, 0, 1
m-2008-L_jpg.rf.a8c7c0f8fa6353813d2b2f99674145fb.jpg, 0, 0, 0, 0, 0, 1
m-3467-L_jpg.rf.aa193f1da27e115e7dd4e5bf7e9a5183.jpg, 0, 0, 1, 0, 0, 0
m-1467-L_jpg.rf.acf5e7e55ebf78bdb03ae0e3a1954892.jpg, 0, 0, 0, 0, 0, 1
m-1142-L_jpg.rf.ad89f233e951244946f6ac70afc91a9e.jpg, 0, 0, 1, 0, 0, 0
m-3169-L_jpg.rf.ac1b08d5d79dd472fe55d14b02754634.jpg, 0, 0, 1, 0, 0, 0
m-2536-L_jpg.rf.b18c731f2c4323271412d5b31adf1d26.jpg, 0, 0, 1, 0, 0, 0
m-3065-L_jpg.rf.b1ecb5773e81d165fcb1228ab72971ec.jpg, 0, 1, 0, 0, 0, 0
m-1009-L_jpg.rf.afc8be8439eb0b58892f63bed821320a.jpg, 1, 0, 0, 0, 0, 1
m-123-L_jpg.rf.b4c5c56c0803082ea97b0981acbee48e.jpg, 1, 0, 0, 0, 0, 0
m-469-L_jpg.rf.af1036f7bbd5d4b45aa5fab99e6adf89.jpg, 1, 0, 0, 0, 0, 0
m-1159-L_jpg.rf.a55885eb1e67f6f75062b428c9e6edb8.jpg, 0, 0, 0, 1, 0, 1
m-560-L_jpg.rf.b430771ed6261628fb9f8f749026a339.jpg, 0, 0, 0, 1, 0, 1
m-138-L_jpg.rf.b4009f2053160ba029d99d8f5f9397ee.jpg, 1, 0, 0, 0, 0, 0
m-99-L_jpg.rf.b36c2898ed7f4934ac12a5f00b4b2e8f.jpg, 1, 0, 0, 0, 0, 1
m-3088-L_jpg.rf.b45b7b13e32937266007781ce131c865.jpg, 0, 0, 0, 0, 1, 0
m-2752-L_jpg.rf.a71659607cea3f6fd52505a514ae6ce6.jpg, 0, 1, 0, 0, 0, 0