filename, brick, metal, null, other, rustication, siding, stucco, wood
m-182-19_jpg.rf.05bfeefe3b83479584b4a62ce5979551.jpg, 0, 0, 0, 0, 0, 0, 1, 1
m-1234-279_jpg.rf.001b179dd5fd31da1ea08e8edd96a479.jpg, 0, 0, 0, 0, 0, 0, 1, 1
m-358-L_jpg.rf.00a8179c53a1d69aebfd8c5c5ae97205.jpg, 1, 0, 0, 0, 0, 0, 0, 0
m-2862-L_jpg.rf.00b138a3b9e0ba859ad82868f19a5a4d.jpg, 0, 0, 1, 0, 0, 0, 0, 0
m-473-46_jpg.rf.04403ba2214149e7247a1825b01b25c9.jpg, 0, 0, 0, 0, 0, 0, 0, 1
m-2114-L_jpg.rf.068a6c5ff1fb92005fe95be37435b63c.jpg, 0, 0, 0, 0, 0, 0, 1, 0
m-3103-L_jpg.rf.00c3b80d41d4544488f7b6a33972759f.jpg, 0, 0, 0, 0, 0, 0, 0, 1
m-1451-L_jpg.rf.0610079d107665e54ca172316b72824c.jpg, 0, 0, 1, 0, 0, 0, 0, 0
m-3184-326_jpg.rf.031441743a161157d7318714d6a6f729.jpg, 1, 0, 0, 0, 0, 0, 1, 0
m-100-L_jpg.rf.075a4e25bf90ebcb18fc5593947cb0e7.jpg, 0, 0, 0, 0, 0, 1, 0, 0
m-3806-26_jpg.rf.02c9cdcd825051a0d872e12a50755813.jpg, 0, 0, 0, 0, 1, 0, 0, 0
m-2062-L_jpg.rf.03d0bac1c7bfe676ce0d16578e4b9334.jpg, 0, 0, 0, 0, 1, 0, 1, 0
m-4710-L_jpg.rf.0343df2eddd6f8b8f5aa55f2600fe730.jpg, 0, 0, 1, 0, 0, 0, 0, 0
m-3237-L_jpg.rf.01d198f98eb7908c675ee585828bf882.jpg, 0, 0, 0, 1, 0, 0, 0, 0
m-319-L_jpg.rf.049578a9538c108832a2eb642bf7f1ca.jpg, 1, 0, 0, 0, 0, 0, 0, 0
m-3261-L_jpg.rf.04704f2eb6efb5ae9965298641fa647f.jpg, 0, 0, 0, 0, 0, 1, 0, 0
m-246-L_jpg.rf.028813f2b0e6b38b961f71c53a4f2191.jpg, 1, 0, 0, 0, 1, 0, 0, 0
m-455-L_jpg.rf.02526081387d60ed6d5d45d0f0d026df.jpg, 0, 1, 0, 0, 0, 0, 0, 0
m-1026-81_jpg.rf.06366c3caeabf8341ec6b9ed993a3502.jpg, 0, 0, 1, 0, 0, 0, 0, 0
m-2589-L_jpg.rf.0141d96591f349f3ae897cb11f4db9da.jpg, 0, 0, 0, 0, 0, 1, 0, 0
m-4421-L_jpg.rf.06e656f51978e68abab8db953adee376.jpg, 0, 0, 0, 1, 0, 0, 0, 0
m-3110-L_jpg.rf.07a6e64c68cd2f8d0cb31078f3da5877.jpg, 0, 0, 0, 0, 0, 1, 0, 0
m-1046-288_jpg.rf.05cee2241704027c2727e71ba530fa35.jpg, 0, 0, 1, 0, 0, 0, 0, 0
m-4883-L_jpg.rf.0364f28ca2874d34661224c16715b0db.jpg, 1, 0, 0, 0, 0, 0, 1, 0
m-10-L_jpg.rf.07fca53c5e0e9273add0122bc7fe0e2c.jpg, 0, 0, 0, 1, 0, 0, 0, 0
m-2511-L_jpg.rf.06b431293ae0c3b380c7dae082cfca04.jpg, 0, 1, 0, 0, 0, 0, 0, 0
m-108-L_jpg.rf.0808c56d7082298c7bd01baedce5f481.jpg, 0, 0, 1, 0, 0, 0, 0, 0
m-1479-287_jpg.rf.0ada188a6f1acda47c17191182cc3603.jpg, 0, 0, 0, 0, 1, 0, 1, 0
m-2596-L_jpg.rf.09e0a88dd2398f5ab92695f3d1af8cce.jpg, 0, 0, 0, 0, 0, 1, 0, 0
m-517-L_jpg.rf.095b445630ef7b9d40fb847235ce136b.jpg, 1, 0, 0, 0, 0, 1, 0, 0
m-91-L_jpg.rf.0b4cd10346d649a1625f83b32ae62cc6.jpg, 0, 0, 0, 0, 0, 1, 0, 0
m-80-L_jpg.rf.09ef5a9684fcad0ee2c4f283676f44a7.jpg, 0, 0, 0, 0, 0, 0, 1, 0
m-316-L_jpg.rf.0b288dae0224539f9fc3ef43a4c99005.jpg, 0, 0, 0, 1, 0, 0, 0, 0
m-500-311_jpg.rf.0b2b66f7172fd059528667c09d46d526.jpg, 0, 0, 0, 0, 0, 0, 1, 1
m-833-L_jpg.rf.0a49ebafd8c0ca173b0be9b69c2ce53b.jpg, 0, 1, 0, 0, 0, 0, 0, 0
m-3395-L_jpg.rf.099b81641a225be6f1ae81899d5299b3.jpg, 0, 0, 0, 0, 0, 1, 0, 0
m-101-L_jpg.rf.0d199ab8e015304595947108dcc18faf.jpg, 0, 0, 0, 1, 0, 0, 0, 0
m-2940-L_jpg.rf.0b39a4817303599d7f00ac428e287143.jpg, 0, 0, 0, 0, 0, 0, 1, 0
m-3347-304_jpg.rf.0dc9f5bba092ddba45b7a4d9581c9009.jpg, 1, 0, 0, 0, 1, 0, 0, 0
m-2346-L_jpg.rf.0c68773a5d3190d826304cf7a95e8dda.jpg, 0, 0, 0, 0, 0, 0, 1, 0
m-4647-325_jpg.rf.0bf861cf56d9680f7e2411429e0223b2.jpg, 0, 0, 0, 1, 0, 0, 0, 0
m-407-L_jpg.rf.0a5e503bdcddf4ac91ca4c5563b2ba5d.jpg, 0, 0, 1, 0, 0, 0, 0, 0
m-1583-303_jpg.rf.09c1d3d0d9a3dec0ab8d6ef7f3deb276.jpg, 0, 0, 0, 0, 1, 0, 1, 0
m-207-L_jpg.rf.0c54b67aa4320e9bf142c1abaf04f284.jpg, 0, 0, 0, 0, 0, 0, 1, 0
m-3041-47_jpg.rf.0dd0c4d4bd656672dc95b97f81a30d7d.jpg, 0, 0, 0, 0, 1, 0, 1, 0
m-3759-297_jpg.rf.0c66626efc4c75999c080c725777ec10.jpg, 0, 0, 0, 0, 1, 0, 1, 0
m-2968-L_jpg.rf.0c7ec3be3e06f3b20ef3a06411b6dae3.jpg, 0, 1, 0, 0, 0, 0, 0, 0
m-284-L_jpg.rf.09f7a8ef4579b77e877b8a4996aa60d3.jpg, 1, 0, 0, 0, 0, 0, 0, 0
m-3372-316_jpg.rf.0c8deba46285e01924172291933cebc8.jpg, 0, 0, 0, 0, 1, 0, 1, 0
m-2195-L_jpg.rf.0dbf17f1d489d68fbca7fa2677f5aaf0.jpg, 1, 0, 0, 0, 0, 0, 1, 0
m-5602-301_jpg.rf.10497ce64a353e51af099d62043c08e3.jpg, 0, 0, 0, 1, 0, 0, 0, 0
m-3065-L_jpg.rf.0e0d629eb131d9cc172fa311cad94e14.jpg, 0, 0, 1, 0, 0, 0, 0, 0
m-3570-L_jpg.rf.1079a7f920c19d770752dae799c6a6d3.jpg, 0, 0, 0, 1, 0, 0, 0, 0
m-1213-328_jpg.rf.10570e40cfd87929862132d9d52e5784.jpg, 0, 0, 0, 0, 0, 0, 1, 1
m-2168-L_jpg.rf.0cdb0f5f7daa2b95ea3c458c58e65e60.jpg, 0, 0, 0, 0, 1, 0, 1, 0
m-3421-21_jpg.rf.0e3aee0101517fb562a9bc25daf7ee59.jpg, 1, 0, 0, 0, 1, 0, 0, 0
m-3744-62_jpg.rf.0da67785c8ca5355577871ffbe858f7d.jpg, 1, 0, 0, 0, 1, 0, 0, 0
m-3108-L_jpg.rf.112d0c03d39e67c08857545c4bd60f9d.jpg, 0, 0, 0, 0, 0, 1, 0, 0
m-3662-272_jpg.rf.1088ca3e2d9d72b0f11adc7743afd1eb.jpg, 1, 0, 0, 0, 1, 0, 0, 0
m-4936-L_jpg.rf.11f208b75a9d03d9c50af45db2cfbc29.jpg, 0, 0, 0, 0, 0, 0, 0, 1
m-1871-L_jpg.rf.12f3f16dc429274558c1d9f0d7416ee7.jpg, 0, 0, 1, 0, 0, 0, 0, 0
m-4499-L_jpg.rf.119945f7daa1b5733dff2e90e272f42d.jpg, 0, 0, 0, 1, 0, 0, 0, 0
m-2654-L_jpg.rf.10daec0b62af22267318d5d289dfda0c.jpg, 0, 0, 0, 0, 0, 0, 0, 1
m-4170-294_jpg.rf.0f84f67b1f4e93dd1e831563c51a0eb2.jpg, 0, 0, 1, 0, 0, 0, 0, 0
m-2335-L_jpg.rf.0f5a3e4151bb1365466f12d1d93e71d7.jpg, 1, 0, 0, 0, 0, 0, 0, 0
m-3824-L_jpg.rf.1323246c14f035e5e2d9ba09e4a1dca8.jpg, 0, 0, 0, 1, 0, 0, 0, 0
m-1217-L_jpg.rf.15529cf3fba86d1362e6de708dc6c761.jpg, 0, 0, 0, 0, 0, 0, 1, 0
m-3218-L_jpg.rf.149f1b392a51904d9b0092478b85763d.jpg, 0, 0, 0, 1, 0, 0, 0, 0
m-3856-296_jpg.rf.14925f810e6c9a8444ce797b0e2c13c9.jpg, 0, 0, 0, 0, 0, 0, 1, 0
m-3863-69_jpg.rf.145ef9cd4f5c23b21b5ef08274bb017f.jpg, 0, 0, 0, 0, 1, 0, 1, 0
m-11-L_jpg.rf.13d5a5771c7e277e22652de1313a5eca.jpg, 0, 0, 1, 0, 0, 0, 0, 0
m-271-L_jpg.rf.1507fe27564ad7d549a502ad5fe0e4b6.jpg, 1, 0, 0, 0, 0, 0, 1, 0
m-6-L_jpg.rf.134f7a3119454fc033a7f96fb279be3d.jpg, 0, 0, 1, 0, 0, 0, 0, 0
m-1626-56_jpg.rf.15d85aa6a8e2ed5bc167ff133d2a2a08.jpg, 0, 0, 0, 0, 0, 0, 1, 0
m-2085-44_jpg.rf.1765e830c208fdaaeb88f9998b57c53c.jpg, 0, 0, 0, 0, 0, 0, 1, 1
m-6580-66_jpg.rf.125579f65aa055e0c0f701ac56f73521.jpg, 1, 0, 0, 0, 0, 0, 0, 0
m-3678-288_jpg.rf.183bb4956a33948ebbb00a8aa2752000.jpg, 1, 0, 0, 0, 1, 0, 0, 0
m-177-L_jpg.rf.13c01c3e1d0f47b0c86fc398240f093c.jpg, 0, 0, 1, 0, 0, 0, 0, 0
m-4117-L_jpg.rf.17a7b6985e55d05abef37a5df6d27ce4.jpg, 0, 0, 1, 0, 0, 0, 0, 0
m-127-L_jpg.rf.14a1041aafaec61da0e449dd2966d227.jpg, 0, 0, 1, 0, 0, 0, 0, 0
m-3401-L_jpg.rf.17e8f12be4ed302406039b1154575d01.jpg, 0, 0, 0, 0, 0, 1, 1, 0
m-3953-310_jpg.rf.1ae06642256d16676657f639e8288c77.jpg, 0, 0, 0, 0, 0, 0, 1, 0
m-3955-325_jpg.rf.1881118b42242124cf82ec74e5d48bf3.jpg, 0, 0, 0, 0, 1, 0, 1, 0
m-3815-50_jpg.rf.19635cd8b8f899ac8382338c40ddd437.jpg, 1, 0, 0, 0, 0, 0, 1, 0
m-934-L_jpg.rf.11edb731adfc9376fe7723997d0aedf5.jpg, 0, 0, 0, 0, 0, 0, 0, 1
m-3320-L_jpg.rf.15e9bfe07f4d1e5218c6abebf9ff8979.jpg, 0, 0, 1, 0, 0, 0, 0, 0
m-24-299_jpg.rf.1ad50bd920d020b093e99286ac98730b.jpg, 0, 0, 0, 1, 0, 0, 0, 0
m-3428-337_jpg.rf.156b66ca06d271d3715497711a5a7d0e.jpg, 1, 0, 0, 0, 1, 0, 0, 0
m-3109-L_jpg.rf.1c54d71fae8718aedcd16fbfe4bf6ca6.jpg, 0, 0, 0, 0, 0, 0, 0, 1
m-4146-L_jpg.rf.1f0259ba829a835811a6697db6b583a8.jpg, 0, 0, 1, 0, 0, 0, 0, 0
m-199-L_jpg.rf.1ee4dc36139738fb4625197b32df503d.jpg, 1, 0, 0, 0, 0, 0, 1, 0
m-1841-25_jpg.rf.1dfd243132a7ebea948e07b97248c5fa.jpg, 0, 0, 0, 1, 0, 0, 0, 0
m-142-24_jpg.rf.1ece7cf9f78633d721f68e365a2ec979.jpg, 0, 0, 0, 1, 0, 0, 0, 0
m-655-L_jpg.rf.1ac3af82037a54ac3d1f03ffafa2881d.jpg, 1, 0, 0, 0, 0, 1, 1, 0
m-3441-62_jpg.rf.20a7df8ebf09923f58d854149984372d.jpg, 1, 0, 0, 0, 1, 0, 0, 0
m-3101-L_jpg.rf.1f408302042078923e19f525489d9366.jpg, 0, 0, 1, 0, 0, 0, 0, 0
m-372-L_jpg.rf.1f898311cc7d09ee0f349af752a47075.jpg, 1, 0, 0, 0, 0, 0, 1, 0
m-3721-40_jpg.rf.1ce74f2f3513e6ffdb087829945be77e.jpg, 0, 0, 0, 0, 0, 0, 1, 0
m-39-L_jpg.rf.1b47482f0d03138e1b88985413205b4b.jpg, 1, 0, 0, 0, 0, 0, 1, 0
m-2233-L_jpg.rf.205c6f9b7337ced2b742d82a229e064c.jpg, 1, 0, 0, 0, 0, 0, 0, 0
m-3551-L_jpg.rf.20dabf85b454a21f80f7c33e272c94a9.jpg, 1, 0, 0, 0, 0, 0, 1, 0
m-3485-302_jpg.rf.1da6e1874be251c4adca26356132de53.jpg, 0, 0, 1, 0, 0, 0, 0, 0
m-3099-L_jpg.rf.21df8a8201c8e2cce90794eabb52699e.jpg, 1, 0, 0, 0, 0, 0, 0, 0
m-3555-334_jpg.rf.2089f3e135aabbdaf576473cb19ac985.jpg, 1, 0, 0, 0, 1, 0, 0, 0
m-4234-80_jpg.rf.225e6eb89b1078fc689a34b68a7991c1.jpg, 0, 0, 1, 0, 0, 0, 0, 0
m-677-L_jpg.rf.1b689cc988f2266998b3ab12997d9d6b.jpg, 0, 1, 0, 0, 0, 0, 0, 0
m-1789-L_jpg.rf.1e9415da03915e35c91c5e82e07ada54.jpg, 0, 0, 0, 1, 0, 0, 0, 0
m-2028-L_jpg.rf.20ecbc38d4df71a8316eb91532e1e06d.jpg, 0, 0, 0, 1, 0, 0, 0, 0
m-3383-35_jpg.rf.223e8d87cf02f30c5932cf3fd8f13541.jpg, 1, 0, 0, 0, 0, 0, 0, 0
m-2067-L_jpg.rf.2198fe1594a963a548d0885c6b4ddde6.jpg, 0, 0, 0, 0, 0, 0, 1, 0
m-3550-333_jpg.rf.229cdacac6718fa15703bea63871ba47.jpg, 0, 0, 1, 0, 0, 0, 0, 0
m-3190-327_jpg.rf.234b0c7d311858bbf0e5cd2df53741f6.jpg, 0, 0, 1, 0, 0, 0, 0, 0
m-2107-L_jpg.rf.226869a91ef1b2880e2d48c4a5ae18ec.jpg, 0, 0, 0, 0, 0, 0, 1, 0
m-3044-L_jpg.rf.2479531bd62cbf4bed620bd957806b9f.jpg, 0, 0, 0, 0, 0, 1, 0, 0
m-3188-330_jpg.rf.21795eb7000b4a9dcc8c62e79f3621e5.jpg, 0, 0, 1, 0, 0, 0, 0, 0
m-145-L_jpg.rf.1e6bf3a2fd0bfade7f961b1a8eb3ee8f.jpg, 1, 0, 0, 0, 0, 0, 0, 0
m-4733-L_jpg.rf.233f59b4c6098f548cf40fa3f279ffa2.jpg, 0, 1, 0, 0, 0, 0, 0, 0
m-5995-338_jpg.rf.24058da223174eb59010b2d981f46950.jpg, 0, 0, 0, 1, 0, 0, 0, 0
m-3026-28_jpg.rf.24f11edaaab297e7798846e417dfe01c.jpg, 0, 0, 0, 0, 1, 0, 1, 0
m-1754-L_jpg.rf.2125e999b82bf66c4a18bc1d54622afa.jpg, 0, 0, 0, 0, 0, 0, 1, 0
m-275-L_jpg.rf.254303149c73775d3af4e376d68af1ac.jpg, 0, 0, 1, 0, 0, 0, 0, 0
m-3098-L_jpg.rf.22f202bfe2abed7a3e6d27a313cd4ecc.jpg, 0, 0, 0, 0, 0, 0, 1, 0
m-1597-69_jpg.rf.254cc00b7b02e5ec1ae0d5166d2bfda9.jpg, 0, 0, 0, 0, 0, 0, 1, 1
m-3798-L_jpg.rf.23dd224cc7cd377c08e94fd874689d30.jpg, 0, 0, 0, 0, 0, 0, 1, 0
m-258-L_jpg.rf.25bcf66c35701469f505c107342826f5.jpg, 1, 0, 0, 0, 0, 1, 0, 0
m-3723-L_jpg.rf.1e437cb49392ccda4408d79cd34926a8.jpg, 0, 0, 0, 0, 0, 0, 1, 0
m-1586-60_jpg.rf.25a138f5e5f32b6b769d3d55e92018df.jpg, 0, 0, 1, 0, 0, 0, 0, 0
m-4662-L_jpg.rf.2495405e0d47e42897d6198a37ca214b.jpg, 0, 0, 1, 0, 0, 0, 0, 0
m-3607-35_jpg.rf.265c725d4a14a5a50d3f15dfe8117107.jpg, 0, 0, 1, 0, 0, 0, 0, 0
m-2496-L_jpg.rf.255ea8e918465c29a86866bd87f5febc.jpg, 0, 0, 0, 1, 0, 0, 0, 0
m-3976-L_jpg.rf.22b956e3749c53e96a76964a945ebd0c.jpg, 0, 0, 0, 1, 0, 0, 0, 0
m-229-L_jpg.rf.25e9e6991b61e8240f1029a6361ab4a4.jpg, 1, 0, 0, 0, 0, 0, 0, 0
m-910-L_jpg.rf.27ddb1bdaa842437ef61592e6ca691b4.jpg, 1, 0, 0, 0, 1, 0, 0, 0
m-979-L_jpg.rf.2967cd38923545c66d5006da76137a42.jpg, 0, 0, 0, 0, 1, 0, 1, 0
m-3379-L_jpg.rf.27dff712efe6c57a5c18528b5a280f63.jpg, 1, 0, 0, 0, 0, 0, 0, 0
m-3065-18_jpg.rf.28184bdb77ed762943906f1b8c64e45d.jpg, 1, 0, 0, 0, 1, 0, 0, 0
m-2177-L_jpg.rf.287bc0e6316807d17367863f10b2d1b8.jpg, 1, 0, 0, 0, 0, 0, 0, 0
m-4328-L_jpg.rf.2798eab70661b41dd87c2289bb5fe85a.jpg, 0, 0, 1, 0, 0, 0, 0, 0
m-3864-312_jpg.rf.27a1fee1656e0219d5458030e3c28c96.jpg, 0, 0, 0, 0, 1, 0, 1, 0
m-3949-L_jpg.rf.26efea8f5ff507163734234f0035da3f.jpg, 0, 0, 0, 1, 0, 0, 0, 0
m-2920-L_jpg.rf.29f210430ba179458004a0a7f7b2891a.jpg, 0, 0, 0, 0, 0, 0, 1, 0
m-2008-L_jpg.rf.290946d57e20cc050dacb4a5d99fe93d.jpg, 1, 0, 0, 0, 0, 0, 0, 0
m-1245-L_jpg.rf.2a3f70772dd6df81404df3312427fbb4.jpg, 0, 0, 0, 0, 0, 1, 0, 0
m-2022-L_jpg.rf.281cc40fd2a87a128fa9228ffbf6f0d0.jpg, 0, 0, 0, 0, 1, 0, 1, 0
m-958-L_jpg.rf.28a23b23b17dd2273be59d15e0057416.jpg, 0, 0, 0, 0, 0, 0, 0, 1
m-1569-L_jpg.rf.2671a87e5ffe0440188549975ebcb81f.jpg, 0, 0, 0, 1, 0, 0, 0, 0
m-511-304_jpg.rf.28c0dbf52c94903acc89f9372c666acf.jpg, 0, 0, 1, 0, 0, 0, 0, 0
m-3125-318_jpg.rf.293a2933119ea252471364b25ad4cbdd.jpg, 1, 0, 0, 0, 1, 0, 0, 0
m-146-L_jpg.rf.295541f80f2347ed21d8a17b8c5c0acd.jpg, 1, 0, 0, 0, 0, 0, 0, 0
m-497-L_jpg.rf.2b06aca3f34db93ae053a6dd1a0e1793.jpg, 1, 0, 0, 0, 0, 0, 0, 0
m-3640-L_jpg.rf.2a313bf134d9ff107b5eb21d5a66dae7.jpg, 0, 1, 0, 0, 0, 0, 0, 0
m-3831-L_jpg.rf.1a2cd507eaf311065039c2c49a858d24.jpg, 0, 0, 1, 0, 0, 0, 0, 0
m-407-318_jpg.rf.2b3f752591322b6bbd99afd67c489891.jpg, 0, 0, 0, 0, 0, 0, 0, 1
m-277-L_jpg.rf.2da3f7157c775c34ba720d121cac9b38.jpg, 1, 0, 0, 0, 0, 0, 1, 0
m-3560-288_jpg.rf.2a8b9462175d1ba1e6a32a25553bb66b.jpg, 1, 0, 0, 0, 1, 0, 0, 0
m-5044-340_jpg.rf.2c3f17b3142575a2d23a281e86993654.jpg, 0, 0, 1, 0, 0, 0, 0, 0
m-3298-300_jpg.rf.2ef01f081e753dafd111d7288175e8e9.jpg, 1, 0, 0, 0, 1, 0, 0, 0
m-36-L_jpg.rf.2dd9b773d97808836d200e277770d15f.jpg, 1, 0, 0, 0, 0, 0, 0, 0
m-3697-L_jpg.rf.2b63bde5ad76ea534a99f34cb4ca9f90.jpg, 0, 0, 0, 0, 0, 0, 0, 1
m-2490-L_jpg.rf.2dc856ba67b82d2a53b9d54310c64ae0.jpg, 0, 0, 1, 0, 0, 0, 0, 0
m-3931-L_jpg.rf.2b5847700761a7df147d228e87fa02bd.jpg, 0, 0, 1, 0, 0, 0, 0, 0
m-472-47_jpg.rf.2671dd83d3e0ffd4c4fc081e8908338d.jpg, 0, 0, 0, 0, 0, 0, 1, 1
m-2647-L_jpg.rf.2d34513c839d28f70a5e5c64a902c98c.jpg, 0, 0, 0, 1, 0, 0, 0, 0
m-3085-L_jpg.rf.30cba9a332d2f787eddb60b924ceb79b.jpg, 0, 0, 0, 0, 0, 1, 0, 0
m-3853-40_jpg.rf.2f620a81139c82c4aa8bb204886ae900.jpg, 1, 0, 0, 0, 1, 0, 0, 0
m-2022-L_jpg.rf.31453c032648ff789d9c61718e6818bd.jpg, 0, 0, 0, 1, 0, 0, 0, 0
m-2365-L_jpg.rf.2c82db3f4aee9f1c26974c571054c332.jpg, 0, 1, 0, 0, 0, 0, 0, 0
m-3008-L_jpg.rf.2e84d76b400387bbbfcff9f0e41c7cda.jpg, 1, 0, 0, 0, 0, 0, 1, 0
m-1011-L_jpg.rf.2d89d263c67df38121b86ef8ee71ba20.jpg, 0, 0, 0, 0, 0, 0, 1, 0
m-255-L_jpg.rf.2e83780c9ab411ae4b0c36a13e7b5e8a.jpg, 0, 0, 1, 0, 0, 0, 0, 0
m-3639-L_jpg.rf.2fd2c2c7c513781882df8fa66be8c2ec.jpg, 0, 1, 0, 0, 0, 0, 0, 0
m-2050-L_jpg.rf.2e97a5c65e83085fac9d577e0649890f.jpg, 0, 0, 0, 0, 0, 1, 0, 0
m-227-L_jpg.rf.2f4b70e76b443232ff3d96c7aadfe5e9.jpg, 0, 0, 1, 0, 0, 0, 0, 0
m-3673-L_jpg.rf.31d18d4818a76cb8203904f22cfb80da.jpg, 0, 0, 0, 1, 0, 0, 0, 0
m-916-34_jpg.rf.2e9582d4ba3c325d986dd986d7879d71.jpg, 0, 0, 0, 0, 0, 0, 0, 1
m-3108-L_jpg.rf.2c7d6575eb75f7be5e85af216d3c4146.jpg, 0, 0, 0, 0, 0, 0, 1, 1
m-1238-21_jpg.rf.301b41fa8f07d7738d370dc5ae6bfe15.jpg, 0, 0, 0, 0, 0, 0, 1, 1
m-736-L_jpg.rf.328eab4be9ba7ff124232931682dd9f2.jpg, 0, 0, 0, 1, 0, 0, 0, 0
m-774-L_jpg.rf.330a087f8a86cd5308e87e181d7c9945.jpg, 0, 0, 0, 0, 0, 1, 0, 0
m-308-L_jpg.rf.31b55659d8391972bc48b26f2d74756d.jpg, 1, 0, 0, 0, 0, 0, 0, 0
m-414-L_jpg.rf.30dc6a26552bbf5e154855b6aa0d15fd.jpg, 0, 0, 1, 0, 0, 0, 0, 0
m-3578-34_jpg.rf.32ccd265b86f915002f7238532d0ded6.jpg, 0, 0, 0, 0, 1, 0, 1, 0
m-2066-300_jpg.rf.33929a3f61cd7bccf9e445d29d3859c5.jpg, 0, 0, 0, 1, 0, 0, 0, 0
m-1446-76_jpg.rf.3254458b6382813e54cc51989574058b.jpg, 0, 0, 0, 0, 0, 0, 1, 1
m-3824-311_jpg.rf.34dbc13b3a0e922f797ed1dfa75e8595.jpg, 1, 0, 0, 0, 1, 0, 0, 0
m-2483-307_jpg.rf.35598fa4440019b8648bceecef544e85.jpg, 0, 0, 0, 1, 0, 0, 0, 0
m-3666-L_jpg.rf.35c64701ff99a93571d14168b100300b.jpg, 0, 0, 1, 0, 0, 0, 0, 0
m-2020-L_jpg.rf.362b2e07ae2832aecf4dfc672b844c7a.jpg, 1, 0, 0, 0, 0, 0, 1, 0
m-1473-L_jpg.rf.3670f0f89b9e44f24351b2552db80ee3.jpg, 0, 0, 0, 0, 0, 0, 1, 0
m-1230-L_jpg.rf.32e7f3d39fe3b769e2230499dc89cca5.jpg, 0, 0, 0, 0, 0, 0, 1, 0
m-26-291_jpg.rf.33fb03929a1e9e26f01698d0425d0237.jpg, 0, 0, 0, 0, 0, 0, 0, 1
m-3707-41_jpg.rf.33f87d51e59adc9e90f95c697eabfa13.jpg, 1, 0, 0, 0, 0, 0, 0, 0
m-423-L_jpg.rf.376b8cec1dd2b16203a8c03042224949.jpg, 0, 0, 0, 0, 0, 1, 0, 0
m-141-L_jpg.rf.395baf26198e4a5b315c5cb58b891e53.jpg, 0, 0, 1, 0, 0, 0, 0, 0
m-3589-L_jpg.rf.35a4af12e8cff587bc7e45c4c80d3d64.jpg, 0, 0, 0, 0, 0, 1, 0, 0
m-2808-L_jpg.rf.3773a9d4d87853f4488a0d9efa7dc344.jpg, 0, 1, 0, 0, 0, 0, 0, 0
m-1047-72_jpg.rf.39450334fdd9a4383b969648fc1e44c0.jpg, 0, 0, 0, 0, 0, 0, 1, 0
m-1308-15_jpg.rf.3941a90834b80881eea11953a7de76f1.jpg, 0, 0, 0, 0, 0, 0, 0, 1
m-2111-L_jpg.rf.343013748522f0374ccc41ef92f5e0eb.jpg, 0, 0, 0, 0, 0, 0, 1, 0
m-1777-67_jpg.rf.39a3abd42f8c0d74f6535a32d26de03e.jpg, 0, 0, 0, 1, 0, 0, 0, 0
m-136-L_jpg.rf.36cf9c342a6743fff6a0c8f3951b5bc6.jpg, 0, 0, 1, 0, 0, 0, 0, 0
m-3588-311_jpg.rf.37c1cc9842ffd66a06f318590dc2e5a8.jpg, 1, 0, 0, 0, 0, 0, 0, 0
m-3358-38_jpg.rf.3700a93f31aca91520d4e68a274cd5e8.jpg, 1, 0, 0, 0, 1, 0, 0, 0
m-551-67_jpg.rf.352d02a43045c799694b1d328bf991f2.jpg, 0, 0, 1, 0, 0, 0, 0, 0
m-3430-39_jpg.rf.37db78f7e60eb9ec763cfa92f5c53df9.jpg, 1, 0, 0, 0, 1, 0, 0, 0
m-3329-329_jpg.rf.397f43885f40f82419a4109d4e97e3b0.jpg, 0, 0, 0, 0, 1, 0, 1, 0
m-3750-32_jpg.rf.3a06a549036cafd61f3b03c36a3648c6.jpg, 1, 0, 0, 0, 0, 0, 0, 0
m-3178-34_jpg.rf.3a7f074ce55865c62e314b25d1b012cf.jpg, 0, 0, 0, 0, 0, 0, 1, 0
m-3106-54_jpg.rf.39bcd7b438cb24378f562821dc09c7a5.jpg, 1, 0, 0, 0, 1, 0, 0, 0
m-2592-L_jpg.rf.39acc3df93b44fe8231035a6d0ecb29c.jpg, 0, 0, 1, 0, 0, 0, 0, 0
m-892-315_jpg.rf.3c23bc4e459c89f55a7706e71387ce35.jpg, 0, 0, 0, 0, 0, 0, 1, 1
m-3057-324_jpg.rf.3baed9019a0893b4e68ef428cd490649.jpg, 0, 0, 0, 0, 1, 0, 1, 0
m-1832-L_jpg.rf.3a7dd27e09bdfba3d42794bdcb913bd4.jpg, 0, 0, 0, 1, 0, 0, 0, 0
m-4026-L_jpg.rf.3c7915d4c4b7aaea572f41806869e8c7.jpg, 1, 0, 0, 0, 0, 1, 0, 0
m-4606-L_jpg.rf.38ccc475068cea49416a584eba82a5fc.jpg, 0, 0, 0, 1, 0, 0, 0, 0
m-3107-L_jpg.rf.3b8a5c40dea6d884292a68971e3212a2.jpg, 0, 0, 0, 0, 0, 1, 0, 0
m-3317-L_jpg.rf.3b20fc47480cfd9467620fd4f0ffc0bf.jpg, 0, 0, 0, 0, 0, 0, 1, 0
m-295-30_jpg.rf.3d79cb2c64e61282c3b1f92abb5294c5.jpg, 0, 0, 0, 0, 0, 0, 0, 1
m-201-L_jpg.rf.3dadbf50029c3f93ab8a9efb2468e8f5.jpg, 0, 0, 1, 0, 0, 0, 0, 0
m-3595-L_jpg.rf.3cd6b72044731db262544efc044615c4.jpg, 0, 0, 0, 0, 0, 1, 0, 0
m-3114-296_jpg.rf.3ccec84d17554df50219f6c41dff09ef.jpg, 0, 0, 1, 0, 0, 0, 0, 0
m-1319-15_jpg.rf.3c85a2bc586ceca53a9b911c3df5bb56.jpg, 0, 0, 0, 0, 0, 0, 0, 1
m-180-L_jpg.rf.3d9b69a818b08b25bfb860639e6c49b0.jpg, 1, 0, 0, 0, 0, 0, 0, 0
m-3439-54_jpg.rf.3ce0f230119f092526bc500ec663bf2c.jpg, 1, 0, 0, 0, 1, 0, 0, 0
m-52-L_jpg.rf.3d1f35c46ea4d7dcb2e48ab206de241d.jpg, 1, 0, 0, 0, 0, 1, 0, 0
m-1019-L_jpg.rf.3c6603bba21732ab97f5067af0cc3623.jpg, 0, 0, 0, 1, 0, 0, 0, 0
m-206-L_jpg.rf.3c99f21be71d7c30048ab310fbfee19d.jpg, 1, 0, 0, 0, 0, 0, 0, 0
m-5609-83_jpg.rf.3e4c712bb952182b72bf9b3ccef90bf0.jpg, 0, 0, 1, 0, 0, 0, 0, 0
m-461-30_jpg.rf.3defe379f278031a3cc5666c448bfdc4.jpg, 0, 0, 0, 1, 0, 0, 0, 0
m-1152-4_jpg.rf.3e75fb4390012c40588c724fa72d5db1.jpg, 0, 0, 0, 0, 0, 0, 1, 1
m-392-L_jpg.rf.401b3980f98a93995de0ac4ef5d205e3.jpg, 1, 0, 0, 0, 0, 0, 0, 0
m-3131-63_jpg.rf.3e975b089343c49dd925c5f3810175f8.jpg, 0, 0, 0, 0, 0, 0, 1, 0
m-2088-L_jpg.rf.3eb5edb9c7da0ac3e0e5f0c39374ceec.jpg, 0, 0, 0, 0, 0, 0, 1, 0
m-2139-L_jpg.rf.409f2ccc04b9140ada7095d49a516662.jpg, 0, 0, 0, 0, 0, 0, 1, 0
m-3090-L_jpg.rf.40db7dbf4da9df0713830dbfc3d94cc1.jpg, 1, 0, 0, 0, 0, 0, 0, 0
m-2609-L_jpg.rf.3d6bae8310ad5cfa7bbfd9c9420269b3.jpg, 0, 0, 0, 0, 0, 0, 1, 0
m-4875-L_jpg.rf.3befadceec2bb2e6930ffc0c199c5c34.jpg, 0, 0, 0, 0, 0, 0, 0, 1
m-3592-62_jpg.rf.40f74c05d280ce3a7e8c0921cb1f2963.jpg, 1, 0, 0, 0, 0, 0, 1, 0
m-1151-L_jpg.rf.3d0e7c3bddd4d7774d8c6b77ece3c434.jpg, 0, 0, 0, 0, 0, 0, 1, 0
m-997-L_jpg.rf.4122a740ad45ae3f938a4fb1a1b6bced.jpg, 0, 0, 0, 0, 0, 1, 0, 0
m-6613-328_jpg.rf.44f4f372a9c69d6148f954e2a351c972.jpg, 0, 0, 1, 0, 0, 0, 0, 0
m-2072-L_jpg.rf.445820f7a71e29728107b0d86bbe74d7.jpg, 0, 0, 0, 1, 0, 0, 0, 0
m-3526-L_jpg.rf.40854136e8956369ec9e445a79e4ac2a.jpg, 0, 0, 0, 1, 0, 0, 0, 0
m-2536-L_jpg.rf.3e3843793e980c74924a08de7cb615ca.jpg, 0, 0, 0, 1, 0, 0, 0, 0
m-3738-13_jpg.rf.4296f61f9bfac7e4b56e941ad823141a.jpg, 1, 0, 0, 0, 0, 0, 0, 0
m-2087-L_jpg.rf.41c26fcfb343dacd04ee16309898e222.jpg, 0, 0, 0, 0, 0, 0, 1, 0
m-1170-L_jpg.rf.429d985ac088e40346242040df3f430f.jpg, 0, 0, 0, 0, 0, 0, 1, 0
m-3886-281_jpg.rf.40e0459d86c5f4df258b16159268d12b.jpg, 0, 0, 1, 0, 0, 0, 0, 0
m-3883-346_jpg.rf.43184cade07b52b50296041ece02cc91.jpg, 0, 0, 1, 0, 0, 0, 0, 0
m-244-L_jpg.rf.42763f39c8652026933e3c83f61f15dc.jpg, 0, 0, 0, 0, 0, 1, 0, 0
m-6402-293_jpg.rf.455a42fa91f47310851d0ff0b766446e.jpg, 0, 0, 0, 1, 0, 0, 0, 0
m-3692-67_jpg.rf.45d40a618f5e19286661515c55d53835.jpg, 1, 0, 0, 0, 0, 0, 0, 0
m-662-L_jpg.rf.462fdbcac8ffa6e0e640041a2b6a28b2.jpg, 0, 0, 1, 0, 0, 0, 0, 0
m-486-L_jpg.rf.47423df87a173aa0fc146a8cf0798756.jpg, 0, 0, 0, 0, 0, 0, 1, 0
m-460-L_jpg.rf.464b5eba8b322cb19dcf6366e70f2b42.jpg, 0, 0, 1, 0, 0, 0, 0, 0
m-25-L_jpg.rf.45495828081933bc1240e56ea35ce3b5.jpg, 0, 0, 1, 0, 0, 0, 0, 0
m-3350-L_jpg.rf.4684f10914b75a6fa0fa688182051995.jpg, 0, 1, 0, 0, 0, 0, 0, 1
m-97-L_jpg.rf.4817976abb26068d6e4206f0b91a2203.jpg, 1, 0, 0, 0, 0, 0, 1, 0
m-64-L_jpg.rf.48e9bd9dad9cc2052fe05b8106abd4db.jpg, 1, 0, 0, 0, 0, 0, 0, 0
m-3000-46_jpg.rf.463f6d7a616625d4a00bd7e19eff4a55.jpg, 0, 0, 0, 1, 0, 0, 0, 0
m-32-L_jpg.rf.4733f6d072932ce799e8e1a69d87f18a.jpg, 0, 0, 1, 0, 0, 0, 0, 0
m-1403-L_jpg.rf.49f1f9e11c3e8386062c3050d96876f4.jpg, 1, 0, 0, 0, 1, 0, 0, 0
m-2877-L_jpg.rf.4a5a6b107aacac1600266c9b696f41de.jpg, 0, 0, 0, 1, 0, 0, 0, 0
m-3089-44_jpg.rf.484de53d128e0c809d4dd76c87e7edef.jpg, 1, 0, 0, 0, 1, 0, 0, 0
m-656-L_jpg.rf.478192f5dbaec3a25aa1cb45369ffeff.jpg, 0, 0, 0, 0, 0, 0, 0, 1
m-2685-L_jpg.rf.475efde8232dddceb94f04c9eec1b126.jpg, 1, 0, 0, 0, 0, 0, 0, 0
m-3938-310_jpg.rf.49a4cf5b09de6d84eb53a6cf1bf76bad.jpg, 0, 0, 0, 0, 0, 0, 1, 0
m-2087-L_jpg.rf.4886d544d77665bbe4c559d7bcf71145.jpg, 0, 0, 0, 0, 0, 1, 0, 0
m-757-L_jpg.rf.4820ac25473c6e70daf08e48f4f75420.jpg, 1, 0, 0, 0, 0, 0, 0, 0
m-3228-L_jpg.rf.4a9e8949832bc5c1709a11a201fd3aa8.jpg, 0, 1, 0, 0, 0, 0, 0, 0
m-3088-L_jpg.rf.485db31a44fe79056e05b8d771e08577.jpg, 0, 1, 0, 0, 0, 0, 0, 0
m-469-L_jpg.rf.47dc0bd82e3f6d2c82b047ae22f531d0.jpg, 1, 0, 0, 0, 0, 0, 0, 0
m-3709-327_jpg.rf.4a281b774ff4691cd606b19387577adb.jpg, 0, 0, 1, 0, 0, 0, 0, 0
m-3716-52_jpg.rf.49d320d8880ff57dee5e0498d259d355.jpg, 0, 0, 1, 0, 0, 0, 0, 0
m-3941-89_jpg.rf.4bad058930c4bcf1b1802126c4c309fd.jpg, 0, 0, 1, 0, 0, 0, 0, 0
m-1227-L_jpg.rf.4aa41d5d4bc9c947beec1a1000a83d72.jpg, 0, 0, 0, 0, 0, 0, 1, 0
m-3149-310_jpg.rf.4ab9a127d936a54458e458518cdfc453.jpg, 0, 0, 0, 0, 1, 0, 1, 0
m-507-L_jpg.rf.4cd5bc6557407660b6c998927b9ba108.jpg, 1, 0, 0, 0, 0, 1, 0, 0
m-2085-L_jpg.rf.4c4459d8356969c2a955ad54cec6e720.jpg, 0, 0, 0, 0, 0, 0, 1, 0
m-6625-87_jpg.rf.4c2d9ef0840f9f20683fcc010d5b10c3.jpg, 1, 0, 0, 0, 0, 0, 0, 0
m-26-L_jpg.rf.4b6b9edfba381affdc1efe83b5cd7398.jpg, 0, 0, 1, 0, 0, 0, 0, 0
m-1762-L_jpg.rf.4bb5e364c82493de4514059c8daf46b6.jpg, 0, 0, 1, 0, 0, 0, 0, 0
m-3631-L_jpg.rf.4b45344f2fd9bca180fa13b792883ced.jpg, 0, 1, 0, 0, 0, 0, 0, 0
m-471-72_jpg.rf.4c7eec89b2b726ae5f14d94af3c5eb26.jpg, 0, 0, 0, 0, 0, 0, 0, 1
m-669-301_jpg.rf.4caf8994ad18828144632e616559d1c6.jpg, 0, 0, 0, 0, 0, 0, 1, 1
m-2607-L_jpg.rf.4e31cfdf0b016053db16a8b6e2f33947.jpg, 0, 0, 1, 0, 0, 0, 0, 0
m-2762-L_jpg.rf.4ea6d8ffc2edc796900c9bcaa96d679a.jpg, 0, 1, 0, 0, 0, 0, 0, 0
m-3046-L_jpg.rf.4c83d5e4e68f46cda013f1302d99ef51.jpg, 1, 0, 0, 0, 0, 1, 0, 0
m-1163-279_jpg.rf.4c5fe64c9db23208abb0a96da9b72062.jpg, 0, 0, 0, 0, 0, 0, 1, 1
m-3802-80_jpg.rf.4e9e0f81c1eea6b5f51f77157c654760.jpg, 0, 0, 1, 0, 0, 0, 0, 0
m-2261-L_jpg.rf.4bca697f73bd65469e20457d16a6a831.jpg, 1, 0, 0, 0, 0, 0, 0, 0
m-3637-L_jpg.rf.4df492c16883a929e383862dbb21d676.jpg, 0, 1, 0, 0, 0, 0, 0, 0
m-3710-L_jpg.rf.4d0705c0fb1326a6c6e0e47f5d2deca8.jpg, 1, 0, 0, 0, 0, 0, 0, 0
m-3492-L_jpg.rf.4dd60d3f861222f58ce2ceb5d9eefdac.jpg, 0, 0, 0, 0, 0, 0, 1, 0
m-5337-336_jpg.rf.4e29099b9052600d33d01ea574af8a9e.jpg, 0, 0, 0, 0, 0, 0, 0, 1
m-470-L_jpg.rf.4d3dca5064e4ec76902f8556c0a77032.jpg, 0, 1, 0, 0, 0, 0, 0, 0
m-2012-282_jpg.rf.4f16f382c75681f71149f48821badba5.jpg, 0, 0, 0, 1, 0, 0, 0, 0
m-3511-52_jpg.rf.4eccc8fa760a991503ba5bb8d7a0cd97.jpg, 0, 0, 1, 0, 0, 0, 0, 0
m-137-L_jpg.rf.4ecf1829789a64411342acfd44c40d6e.jpg, 0, 0, 1, 0, 0, 0, 0, 0
m-1183-L_jpg.rf.4e322c6f5aba600602342bfe07f16f04.jpg, 0, 0, 0, 1, 0, 0, 0, 0
m-1216-337_jpg.rf.5005852a5335d19c2135ed19176da089.jpg, 0, 0, 0, 0, 0, 0, 1, 1
m-113-L_jpg.rf.4d67225918917a3e257b8f46bafc4cc1.jpg, 1, 0, 0, 0, 0, 0, 0, 0
m-701-L_jpg.rf.515706602572f17ab9c85e549b3fbee9.jpg, 0, 0, 0, 1, 0, 0, 0, 0
m-1293-L_jpg.rf.5100f81132ca6568d25169a247309c04.jpg, 0, 0, 0, 1, 0, 0, 0, 0
m-3893-303_jpg.rf.4f604b8df38864597b405f50284afdb6.jpg, 0, 0, 0, 0, 0, 0, 1, 0
m-3785-276_jpg.rf.54271e024d92befcb00ce0e0485fa8c6.jpg, 0, 0, 1, 0, 0, 0, 0, 0
m-6057-29_jpg.rf.5464c32e9682a76ffe4ecc1491209168.jpg, 0, 0, 0, 1, 0, 0, 0, 0
m-3798-36_jpg.rf.54e353804fdedfa18f9b3ac735935b44.jpg, 0, 0, 0, 0, 0, 0, 1, 0
m-457-L_jpg.rf.5458867026129cd97d38d66689da6ce5.jpg, 0, 0, 1, 0, 0, 0, 0, 0
m-1009-L_jpg.rf.53f832bfcfc53e3eba440e1027c7260f.jpg, 1, 0, 0, 0, 0, 0, 1, 0
m-3534-53_jpg.rf.5298540cba0005215fab3a7a4bb8f942.jpg, 0, 0, 1, 0, 0, 0, 0, 0
m-861-L_jpg.rf.54f39d104eada9679560bf0073cccd96.jpg, 0, 0, 0, 0, 0, 0, 1, 1
m-3630-L_jpg.rf.53479bee7c8895d2ff5abaf9818a86c2.jpg, 1, 0, 0, 0, 0, 0, 0, 0
m-3523-L_jpg.rf.517ca894dcb902fffdab5c34c6678d8b.jpg, 0, 0, 0, 1, 0, 0, 0, 0
m-410-L_jpg.rf.51bc158696ab26f9c4da68912d171e68.jpg, 0, 0, 0, 1, 0, 0, 0, 0
m-483-L_jpg.rf.54fc8407fd7b664d12799246475527f7.jpg, 0, 0, 1, 0, 0, 0, 0, 0
m-3800-298_jpg.rf.564b5660e95b79bf7adc12da1e1c1797.jpg, 0, 0, 0, 0, 0, 0, 1, 0
m-3146-L_jpg.rf.5395f1841021d78f505e485df8618f8b.jpg, 1, 0, 0, 0, 0, 0, 0, 0
m-2986-L_jpg.rf.51e37a04a74669d393d6fad53ee068d2.jpg, 0, 0, 0, 0, 0, 0, 1, 0
m-3685-30_jpg.rf.52f31715b8206d367de8e27e87c20bc4.jpg, 0, 0, 0, 0, 1, 0, 1, 0
m-2078-L_jpg.rf.547f9743124641a2fc1b81d334c06751.jpg, 0, 0, 0, 0, 0, 0, 1, 0
m-2692-L_jpg.rf.56e5e0d8dd19e149609144f7d7f09f99.jpg, 1, 1, 0, 0, 0, 0, 0, 0
m-3149-L_jpg.rf.507c98a5e246af88e54a14d6101b1a17.jpg, 0, 0, 0, 0, 0, 1, 0, 0
m-2259-L_jpg.rf.53fb0d6c015a2cc7b7838f0cf7860364.jpg, 0, 0, 1, 0, 0, 0, 0, 0
m-25-L_jpg.rf.54dd30b40c67aa2195fc80e15050614a.jpg, 0, 0, 1, 0, 0, 0, 0, 0
m-4466-L_jpg.rf.557cc54301b86dadf50cb28cd0847e8b.jpg, 0, 0, 0, 0, 0, 1, 0, 0
m-3068-34_jpg.rf.56ee203e50e629048b3e1719217bf9cd.jpg, 1, 0, 0, 0, 1, 0, 0, 0
m-3028-278_jpg.rf.563f83376c4b618add6668c167c8d95b.jpg, 0, 0, 0, 0, 1, 0, 0, 0
m-155-292_jpg.rf.559a17bdfb3bb74782ab8811c3aa0311.jpg, 0, 0, 0, 1, 0, 0, 0, 0
m-86-L_jpg.rf.55229e6ece1f60c0360ca3f798a4ae30.jpg, 1, 0, 0, 0, 0, 0, 0, 0
m-2768-L_jpg.rf.56f9ee8c13f28842cc630ed406887523.jpg, 1, 0, 0, 0, 0, 0, 1, 0
m-2089-355_jpg.rf.574a8fa60e6983f37f969ed53ae25f75.jpg, 0, 0, 0, 0, 0, 0, 1, 1
m-352-L_jpg.rf.59311a9ffdcfe13e3ef2728009836a04.jpg, 1, 0, 0, 0, 0, 0, 0, 0
m-2053-L_jpg.rf.581cf7e5070bb9e0484ba4aa9f046f34.jpg, 0, 0, 1, 0, 0, 0, 0, 0
m-296-L_jpg.rf.59849c5e0f77f7f3e51d8c981890b9c6.jpg, 1, 0, 0, 0, 0, 0, 0, 0
m-2126-L_jpg.rf.5513af89c6cdaa4b4d41730e690c5582.jpg, 1, 0, 0, 0, 0, 0, 0, 0
m-2094-L_jpg.rf.59d70cf5da0a8498fc9e07156cfa1827.jpg, 0, 0, 0, 0, 0, 0, 1, 0
m-1467-L_jpg.rf.5a8ff5e4d86af2552a8795735158b572.jpg, 0, 0, 0, 0, 0, 0, 1, 0
m-672-L_jpg.rf.577edeb87d7d72e46446c83d992c4f61.jpg, 0, 0, 0, 1, 0, 0, 0, 0
m-1159-L_jpg.rf.59e8c7b5be423ab38288343fe463066c.jpg, 0, 0, 0, 0, 1, 0, 1, 0
m-2248-L_jpg.rf.5b9ffca94beda98f38e758e78216847f.jpg, 0, 0, 0, 0, 0, 0, 1, 0
m-2007-L_jpg.rf.5a8f0215ab5245e087ede39a064a909f.jpg, 0, 0, 0, 1, 0, 0, 0, 0
m-2110-L_jpg.rf.59051e57f22ba756a66d4375ef9fa2db.jpg, 0, 0, 0, 0, 0, 0, 1, 0
m-3169-L_jpg.rf.577993c3cbbc65dcb9e0e6ea12bc98e8.jpg, 0, 0, 0, 1, 0, 0, 0, 0
m-3670-41_jpg.rf.57ed89a6e701d9bd62257f7e4ea2e33a.jpg, 1, 0, 0, 0, 1, 0, 0, 0
m-1142-L_jpg.rf.58fdc8199733a3353f3b6ff59f9ae9c8.jpg, 0, 0, 0, 1, 0, 0, 0, 0
m-4678-L_jpg.rf.5b8982ca38b226f010743ca2b0f1a265.jpg, 0, 0, 0, 0, 0, 0, 1, 0
m-2070-L_jpg.rf.5b8086d574af29f29414578cfbc6b5a9.jpg, 0, 0, 0, 0, 0, 0, 1, 0
m-2128-L_jpg.rf.5a622029b5b566eb2a1c86771655ef5a.jpg, 0, 0, 1, 0, 0, 0, 0, 0
m-560-L_jpg.rf.567e201cde8e0e94f75e722150eccdb1.jpg, 0, 0, 0, 0, 1, 0, 1, 0
m-736-L_jpg.rf.5974637a6d6c07bf5f9b84c57dfa7e65.jpg, 0, 0, 0, 0, 0, 0, 0, 1
m-2630-L_jpg.rf.5bac70cfd4c72e7fc0f110f286dbee30.jpg, 1, 0, 0, 0, 0, 0, 0, 0
m-2023-L_jpg.rf.5857a4bcc098662a2f0a05761141eb18.jpg, 0, 0, 0, 0, 0, 0, 1, 0
m-621-L_jpg.rf.5ba0ad12ae9a7be45fee93924a7f3bac.jpg, 0, 1, 0, 0, 0, 0, 0, 0
m-2953-L_jpg.rf.5bcf043e07cab775a875e5bda5267902.jpg, 0, 0, 0, 0, 0, 0, 1, 0
m-2951-43_jpg.rf.5a0aafab3704a4cf538642af57522db5.jpg, 0, 0, 0, 1, 0, 0, 0, 0
m-502-19_jpg.rf.5e190830a0bf5d5d4aa99d98b9961525.jpg, 0, 0, 0, 0, 0, 0, 0, 1
m-2447-L_jpg.rf.5fce59a9f77b9a687ca4e46bdf33d53d.jpg, 0, 0, 0, 1, 0, 0, 0, 0
m-902-41_jpg.rf.5d8d973de9e27fb9fdbc976997f2e7cd.jpg, 0, 0, 0, 0, 0, 0, 1, 1
m-2116-L_jpg.rf.5e692ff8b993624447e5f39937c2f79e.jpg, 1, 0, 0, 0, 1, 0, 0, 0
m-978-55_jpg.rf.5cf9e88e177101031ea2d64e3ed5d872.jpg, 0, 0, 0, 0, 0, 0, 1, 1
m-3668-335_jpg.rf.5df65b8fedafea4eb2ae4d8f8cf0b327.jpg, 0, 0, 0, 0, 0, 0, 1, 0
m-1472-L_jpg.rf.5c21059979d42f3e6911c124e463d008.jpg, 0, 0, 0, 0, 0, 0, 1, 0
m-2771-L_jpg.rf.5f378e5cc8d53eb814516a9aa16cf769.jpg, 1, 0, 0, 0, 0, 0, 1, 0
m-4047-311_jpg.rf.5f9efaa71dd1411b7913d8a2a20ac185.jpg, 0, 0, 1, 0, 0, 0, 0, 0
m-1886-352_jpg.rf.603c0b36e299a30ee9aee8613debf4da.jpg, 0, 0, 0, 0, 0, 0, 0, 1
m-4393-L_jpg.rf.5fac0dc61d9452a2000b4715a2d0d6e9.jpg, 0, 0, 1, 0, 0, 0, 0, 0
m-2047-L_jpg.rf.5f3a357351ed9f53ec194a69b564c9b1.jpg, 0, 0, 0, 0, 0, 0, 1, 0
m-2398-317_jpg.rf.5fc7baa6a5461b9e816e1a9444c102c8.jpg, 0, 0, 0, 1, 0, 0, 0, 0
m-1210-314_jpg.rf.6040038f50083406275b16973acc95ce.jpg, 0, 0, 0, 0, 0, 0, 1, 1
m-2049-L_jpg.rf.5faf46241c38203a58243946dc63bdcc.jpg, 0, 0, 0, 0, 0, 0, 1, 0
m-2071-L_jpg.rf.6071e0f688740e636090a1fea6b4b456.jpg, 0, 0, 0, 0, 0, 0, 1, 0
m-3587-43_jpg.rf.60e1566160d2e8d34dd7c257e6cf4f4d.jpg, 0, 0, 0, 0, 0, 0, 1, 0
m-196-L_jpg.rf.60519bb03f2ddf18d22dccf963524e4f.jpg, 1, 0, 0, 0, 0, 0, 0, 0
m-89-L_jpg.rf.6059011d4cd856042b0b86c47932d7cc.jpg, 1, 0, 0, 0, 0, 0, 1, 0
m-4650-L_jpg.rf.63f927aaaebb904127ff2a94ef51bc6f.jpg, 0, 0, 1, 0, 0, 0, 0, 0
m-3169-305_jpg.rf.6159307b3e2465150cd90146f8141446.jpg, 0, 0, 0, 0, 1, 0, 1, 0
m-730-L_jpg.rf.5c3ae9f8abbbccc22ba509a86ccb7b28.jpg, 0, 0, 0, 1, 0, 0, 0, 0
m-2522-L_jpg.rf.6275fe0aaa39f3d0094a2e526d02a191.jpg, 0, 0, 0, 1, 0, 0, 0, 0
m-430-L_jpg.rf.62318aa06ed244e9cbde519150db101c.jpg, 0, 0, 1, 0, 0, 0, 0, 0
m-3644-66_jpg.rf.6322263db4c1c8378da8c1cdae274003.jpg, 0, 0, 0, 0, 1, 0, 1, 0
m-2870-L_jpg.rf.63e19a6368dbc780e45a0b93871e40ac.jpg, 0, 0, 0, 0, 0, 0, 0, 1
m-505-L_jpg.rf.634090c8e06ea6585634bf6b2e6410b6.jpg, 0, 0, 1, 0, 0, 0, 0, 0
m-3507-L_jpg.rf.63f051c7d019af5670855ff18fbf04b9.jpg, 0, 0, 0, 1, 0, 0, 0, 0
m-2441-L_jpg.rf.63b3c6437f1eea095145271020091d7c.jpg, 0, 0, 0, 1, 0, 0, 0, 0
m-2055-L_jpg.rf.63fa687f77cba8ca0769d1da24252fcf.jpg, 0, 0, 0, 0, 0, 0, 1, 0
m-3290-L_jpg.rf.6509ab6eb4ad72ea48281570a802fc9b.jpg, 0, 0, 1, 0, 0, 0, 0, 0
m-1143-78_jpg.rf.644f72cda5672b5cf629628611d6f717.jpg, 0, 0, 0, 0, 0, 0, 0, 1
m-208-L_jpg.rf.657d0d9c07f035ade3841654dda54c92.jpg, 0, 0, 0, 0, 0, 1, 0, 0
m-484-L_jpg.rf.657b1d8e7218ef29cb37d84e841b737d.jpg, 1, 0, 0, 0, 0, 1, 0, 0
m-3027-L_jpg.rf.6404d23d2938ff94cd0d9ad28d257f13.jpg, 0, 0, 0, 0, 0, 1, 0, 0
m-356-L_jpg.rf.653351481ff39240298b6bc3d3bd742c.jpg, 1, 0, 0, 0, 0, 0, 0, 0
m-2050-L_jpg.rf.6526173efd8045359db884b81451473d.jpg, 0, 0, 0, 0, 0, 0, 1, 0
m-903-1_jpg.rf.6401992da3b2f0580ab7dbefb1c9c440.jpg, 0, 0, 0, 0, 0, 0, 1, 1
m-385-L_jpg.rf.657b6fb748916deb85451037f8f3f688.jpg, 0, 0, 0, 0, 0, 1, 0, 0
m-78-L_jpg.rf.65ad7bf7995f016cddc29f66acf997de.jpg, 0, 0, 0, 1, 0, 0, 0, 0
m-20-L_jpg.rf.66295db5cd2ab5949417e62ef170086d.jpg, 0, 0, 0, 0, 0, 0, 0, 1
m-2440-L_jpg.rf.6649ab77e9c885085c1f8d7503fe768f.jpg, 0, 0, 1, 0, 0, 0, 0, 0
m-3101-41_jpg.rf.65bf9f5cdec8845b12cd328fa8a968e6.jpg, 0, 0, 0, 0, 1, 0, 1, 0
m-446-L_jpg.rf.6067e0ac5ea7a3be1ef52755c00a5f6c.jpg, 0, 0, 0, 0, 0, 1, 0, 0
m-4785-273_jpg.rf.65d145edb5bb4ca163b9d5fd8acb36d1.jpg, 0, 0, 0, 1, 0, 0, 0, 0
m-3837-33_jpg.rf.65c8377dbfd07ef0a68b2b1ee79ebda5.jpg, 1, 0, 0, 0, 0, 0, 1, 0
m-3563-40_jpg.rf.676c7cae6d3809679d80065f32b04d10.jpg, 0, 0, 0, 0, 1, 0, 1, 0
m-2492-L_jpg.rf.67a3d5c6cbce77fe8b4c5046ae2eb56e.jpg, 1, 0, 0, 0, 0, 0, 0, 0
m-3033-294_jpg.rf.6821810c3edd4676df074736ad14b8c0.jpg, 1, 0, 0, 0, 1, 0, 0, 0
m-2892-L_jpg.rf.6b7ceeb7a1c511fe3ca7f6753bf7f86c.jpg, 1, 0, 0, 0, 0, 0, 0, 0
m-3173-L_jpg.rf.668d2ac0bcd41fea6bd560806f79102d.jpg, 0, 0, 0, 0, 0, 1, 0, 0
m-3683-300_jpg.rf.66537fbd001ac221c8b46bd711f1adf0.jpg, 0, 0, 0, 0, 1, 0, 1, 0
m-3285-50_jpg.rf.665f4b46cef2d68f77e03cf2a572b753.jpg, 0, 0, 0, 0, 1, 0, 1, 0
m-3680-23_jpg.rf.67d6962ff0b8729eb5c0897c098d558b.jpg, 1, 0, 0, 0, 0, 0, 0, 0
m-3035-313_jpg.rf.6bf96ff92e4ab36b51ddc1518997d3d3.jpg, 0, 0, 0, 0, 1, 0, 1, 0
m-3507-31_jpg.rf.682a061e8d7ac0beeb125db5591cea5a.jpg, 0, 0, 0, 0, 0, 0, 1, 0
m-232-L_jpg.rf.69510766bcf5ea2c1f3ff3f9aeea8430.jpg, 0, 0, 1, 0, 0, 0, 0, 0
m-472-L_jpg.rf.6a6d5566fd29ba67cf676587ffb746a7.jpg, 1, 0, 0, 0, 0, 0, 0, 0
m-3022-L_jpg.rf.6c94ba98d0b44beace6a568fa821deed.jpg, 0, 0, 0, 0, 0, 0, 1, 0
m-2132-L_jpg.rf.642d4b8e8b827fe44556237572983a82.jpg, 1, 0, 0, 0, 0, 0, 0, 0
m-3467-L_jpg.rf.698b945ff1eb72520727f2c6d9add5e0.jpg, 0, 0, 0, 1, 0, 0, 0, 0
m-2185-L_jpg.rf.6c681243fb98e9297e3791eb353f07c6.jpg, 0, 0, 0, 1, 0, 0, 0, 0
m-117-L_jpg.rf.6c2a238c099d9867785de1bf3043340e.jpg, 1, 0, 0, 0, 0, 0, 0, 0
m-663-L_jpg.rf.682c8bec3ea209bc969b8bfc6c94b983.jpg, 0, 0, 0, 0, 0, 0, 0, 1
m-2068-L_jpg.rf.6ddb2ea1857ff63c69472b2fbdc56555.jpg, 0, 0, 0, 1, 0, 0, 0, 0
m-3783-39_jpg.rf.666d94f4a782aa81c44dfbb8b7e4be04.jpg, 1, 0, 0, 0, 1, 0, 0, 0
m-674-L_jpg.rf.6adf46d23745d0c49bda7fe76d4df05a.jpg, 0, 0, 1, 0, 0, 0, 0, 0
m-3181-34_jpg.rf.6e78f00a855631a53ba26bcef507c792.jpg, 0, 0, 0, 0, 1, 0, 1, 0
m-3328-L_jpg.rf.6d0cb089dca1d77bd007f646e459686b.jpg, 0, 0, 0, 1, 0, 0, 0, 0
m-3054-36_jpg.rf.6c9b5f16430841ff89164c3938bb9832.jpg, 1, 0, 0, 0, 1, 0, 0, 0
m-3735-L_jpg.rf.6e0436f9c636ec8a1c678eb19c73ac96.jpg, 0, 0, 0, 0, 0, 0, 1, 0
m-2956-L_jpg.rf.6d56e6ce645c89f24655574aac8af65b.jpg, 1, 0, 0, 0, 0, 0, 0, 0
m-28-L_jpg.rf.6da6e2f8d603ca5875ba9668ab4311d8.jpg, 0, 0, 1, 0, 0, 0, 0, 0
m-3832-17_jpg.rf.69a3ed531ba947384b867d3a621011fd.jpg, 0, 0, 1, 0, 0, 0, 0, 0
m-3504-L_jpg.rf.694125186545e450f281627a69209360.jpg, 0, 1, 0, 0, 0, 0, 0, 1
m-2148-L_jpg.rf.70d9908357bdfd39e27f6b6222fe06e8.jpg, 0, 0, 0, 0, 0, 0, 1, 0
m-3049-L_jpg.rf.70aea81d0a40483094568913a9f3f778.jpg, 0, 0, 0, 0, 0, 1, 0, 0
m-15-L_jpg.rf.6e5d96e248256d66c7d361dcd367d07a.jpg, 0, 0, 1, 0, 0, 0, 0, 0
m-1613-293_jpg.rf.70fd44715cce6dcacea82722a7fd89ec.jpg, 0, 0, 0, 0, 1, 0, 1, 0
m-2799-315_jpg.rf.71423ba483fcd02b9b9d0d018c3f3964.jpg, 0, 0, 0, 1, 0, 0, 0, 0
m-6531-354_jpg.rf.6df05d6e7b6bf836a5fd3385b5885f37.jpg, 0, 0, 0, 1, 0, 0, 0, 0
m-2075-L_jpg.rf.6f7d705433e5690a3b21aca9fc5306b7.jpg, 0, 0, 0, 1, 0, 0, 0, 0
m-3968-2_jpg.rf.6f7a8f361e2febf0515c28f52c3ab098.jpg, 0, 0, 0, 0, 0, 0, 1, 0
m-59-L_jpg.rf.6fd0ffa4c2638ef929f876edbba9369d.jpg, 1, 0, 0, 0, 0, 0, 0, 0
m-1636-L_jpg.rf.6ecaa5128ccf65f555c2a321e36bb347.jpg, 0, 0, 1, 0, 0, 0, 0, 0
m-3274-L_jpg.rf.72749aac82125059f4ac9999780f6681.jpg, 0, 0, 1, 0, 0, 0, 0, 0
m-2322-L_jpg.rf.716768bdae7f593942a62d0a3719e806.jpg, 0, 0, 0, 1, 0, 0, 0, 0
m-1003-L_jpg.rf.70fb5ecb90798811c3b912ba50add5b1.jpg, 1, 0, 0, 0, 0, 0, 1, 0
m-3703-L_jpg.rf.730abfb0b750089970681f2fb28008b8.jpg, 0, 1, 0, 0, 0, 0, 0, 0
m-2589-L_jpg.rf.71442cd0374604b83afb5dec2bdb2e1d.jpg, 0, 0, 0, 1, 0, 0, 0, 0
m-2093-L_jpg.rf.7123840bcc99405e81648fb0d57f2f63.jpg, 1, 0, 0, 0, 0, 0, 0, 0
m-3984-321_jpg.rf.721a6131b2620a0d4197019b3fd5bbac.jpg, 0, 0, 1, 0, 0, 0, 0, 0
m-2010-L_jpg.rf.701be2b2c3e3da652c44332d409714d4.jpg, 0, 0, 0, 0, 0, 0, 1, 0
m-1599-61_jpg.rf.72b98fe13f189ff329d45d0355f9f814.jpg, 0, 0, 0, 1, 0, 0, 0, 0
m-3073-298_jpg.rf.72ffb810031efbc8be860074167fc4c0.jpg, 0, 0, 1, 0, 0, 0, 0, 0
m-1627-327_jpg.rf.72179f080e592d3beec05709944d826b.jpg, 0, 0, 0, 0, 0, 0, 1, 0
m-3400-L_jpg.rf.75989a4465c2d5d83327994bac98d060.jpg, 0, 0, 0, 0, 0, 0, 0, 1
m-855-41_jpg.rf.7424c78527432e189c3b5eca0d94b29c.jpg, 0, 0, 0, 0, 0, 0, 0, 1
m-3030-L_jpg.rf.75a30bc334e0464fa243542480a84fc4.jpg, 0, 0, 1, 0, 0, 0, 0, 0
m-3489-276_jpg.rf.734e90af61da17cd37de6ca1e215fdb1.jpg, 0, 0, 0, 0, 0, 0, 1, 0
m-3404-L_jpg.rf.7587b8c1da8d804aab379830a952a434.jpg, 0, 0, 0, 0, 0, 0, 0, 1
m-2995-75_jpg.rf.755f59d286d58581295fb9edef6dd037.jpg, 0, 0, 0, 1, 0, 0, 0, 0
m-3929-L_jpg.rf.7337b1d56ea887698a58f59530ac0ec9.jpg, 0, 0, 0, 1, 0, 0, 0, 0
m-1688-75_jpg.rf.7349a028ed6e06adf01d44cc6ea1eef1.jpg, 0, 0, 0, 0, 0, 0, 1, 1
m-2815-L_jpg.rf.727ff7c19a427b347ce0691db54122f6.jpg, 1, 0, 0, 0, 0, 0, 0, 0
m-2513-304_jpg.rf.73893ab3babe244894fbbc104afef92b.jpg, 1, 0, 0, 0, 0, 0, 0, 0
m-3763-67_jpg.rf.73335ddebfa99b40728bee6f7a5b1257.jpg, 0, 0, 0, 0, 0, 0, 1, 0
m-65-L_jpg.rf.783de1e51e0d0d017397d352a9d0ecf8.jpg, 0, 0, 1, 0, 0, 0, 0, 0
m-1091-L_jpg.rf.7883ef0ddb04405e616e4d1fbf37a6b4.jpg, 0, 0, 1, 0, 0, 0, 0, 0
m-1625-L_jpg.rf.79752cecaed946acccf2fb152b7055a9.jpg, 0, 0, 0, 1, 0, 0, 0, 0
m-2072-L_jpg.rf.48dc5270217248a2f4d680c3d734fa4c.jpg, 0, 0, 0, 0, 0, 0, 1, 0
m-3-L_jpg.rf.784722a3a1b4db781aaafcd4c0c95572.jpg, 0, 0, 1, 0, 0, 0, 0, 0
m-3851-294_jpg.rf.77f653df1c55d2c71ee06936f8a77846.jpg, 0, 0, 1, 0, 0, 0, 0, 0
m-3116-294_jpg.rf.75b791d498a3b0066218627c5608bf96.jpg, 1, 0, 0, 0, 0, 0, 1, 0
m-594-L_jpg.rf.76f24fba282b241b4b47d8ee9bff06dc.jpg, 1, 0, 0, 0, 1, 0, 0, 0
m-1017-L_jpg.rf.79e6ab7925e9cb93b52b722a66de3add.jpg, 0, 0, 0, 1, 0, 0, 0, 0
m-2242-305_jpg.rf.78d85bb8712799d13e725d0038cc3903.jpg, 0, 0, 0, 1, 0, 0, 0, 0
m-3230-L_jpg.rf.7a96c7d198a17074a3d0db3f7b6a53a5.jpg, 0, 0, 0, 0, 0, 0, 0, 1
m-2730-L_jpg.rf.7ab7bfb04cf0a28f5b7ee3a9b1a72b64.jpg, 0, 0, 1, 0, 0, 0, 0, 0
m-2108-L_jpg.rf.764a44557a81d2b201a780c0345a8bf1.jpg, 0, 0, 0, 0, 0, 0, 1, 0
m-245-L_jpg.rf.792715a4b899124ff839fc91661c1cd4.jpg, 1, 0, 0, 0, 0, 1, 0, 0
m-3391-L_jpg.rf.7a981ccf49f9cc54998be9b455673abb.jpg, 0, 0, 0, 0, 0, 1, 0, 0
m-2711-L_jpg.rf.784bb06588934c0ae40e592035190be2.jpg, 0, 1, 0, 0, 0, 0, 0, 0
m-3941-L_jpg.rf.7a4d0daf74fd69d11efcfff5a014cc5c.jpg, 0, 0, 1, 0, 0, 0, 0, 0
m-1190-L_jpg.rf.76cc241591d5b8b386e0711ce03ecc2a.jpg, 0, 0, 0, 0, 0, 0, 1, 0
m-3128-294_jpg.rf.75ec32257303b4d5ec953028a5b8ab2b.jpg, 0, 0, 0, 0, 1, 0, 1, 0
m-3086-338_jpg.rf.7ac3c286d727ea6e0aa45d941464b249.jpg, 1, 0, 0, 0, 0, 0, 1, 0
m-3936-12_jpg.rf.7473823b398766eda558be048763b784.jpg, 1, 0, 0, 0, 1, 0, 0, 0
m-3800-L_jpg.rf.7a852861afc624c42340c8c8a73c3188.jpg, 0, 0, 0, 1, 0, 0, 0, 0
m-815-L_jpg.rf.7ad942e0e341c900007e54ab78245e07.jpg, 0, 0, 0, 0, 1, 0, 0, 0
m-3749-277_jpg.rf.79c9fb1601eb978b2c95cc4839209df6.jpg, 0, 0, 1, 0, 0, 0, 0, 0
m-1054-18_jpg.rf.7bd1648989e17e5b095545d541e4d528.jpg, 0, 0, 0, 0, 0, 0, 1, 0
m-2836-L_jpg.rf.73f027a23e2698d9f881114b5ca4377c.jpg, 0, 0, 0, 1, 0, 0, 0, 0
m-2342-L_jpg.rf.7ba416049a9e7fc82f593f0e3b657e9b.jpg, 0, 0, 0, 1, 0, 0, 0, 0
m-2629-L_jpg.rf.7d408552122340a59c2cb91769ec37ad.jpg, 0, 1, 0, 0, 0, 0, 0, 0
m-90-L_jpg.rf.7a34b241e3c5d2c0d6eef9b3650e4e28.jpg, 0, 0, 0, 0, 0, 0, 1, 0
m-2129-L_jpg.rf.7c8ba1d92792938237657a8a4bc469b1.jpg, 0, 0, 0, 1, 0, 0, 0, 0
m-3104-307_jpg.rf.7c5b9ffc42ba4900149b194dff5dcd0b.jpg, 0, 0, 0, 1, 0, 0, 0, 0
m-2327-314_jpg.rf.7d8bc829c0f903282963f8c0b1029be6.jpg, 0, 0, 0, 1, 0, 0, 0, 0
m-1240-294_jpg.rf.7d74696d4f8c18ae94800107d7ed7bfc.jpg, 0, 0, 0, 1, 0, 0, 0, 0
m-891-L_jpg.rf.7b99cb732354726f3b640a11d03cbae5.jpg, 0, 0, 0, 1, 0, 0, 0, 0
m-3609-L_jpg.rf.7d6107545deba4294ec0e8f8070ff2ff.jpg, 1, 0, 0, 0, 0, 0, 0, 0
m-3050-L_jpg.rf.7c373c503eabb23f71e849454c7aff62.jpg, 0, 0, 0, 0, 0, 1, 0, 0
m-3126-L_jpg.rf.7d4a1da3da4649340ca2cc0eed0b64f0.jpg, 1, 0, 0, 0, 0, 0, 1, 0
m-2091-L_jpg.rf.7df2b6dba8ca5b973f2806d3f7e8f821.jpg, 0, 0, 0, 0, 0, 0, 1, 0
m-3761-72_jpg.rf.7e5a41cb5e0c570b3df6cb04b310e94d.jpg, 1, 0, 0, 0, 1, 0, 0, 0
m-1192-291_jpg.rf.7e79c6aea606524e3b6130ff2da8cefc.jpg, 0, 0, 0, 1, 0, 0, 0, 0
m-2027-L_jpg.rf.7e7d703280d0c3cfcd9ad34e099a72b0.jpg, 1, 0, 0, 0, 0, 0, 0, 0
m-386-L_jpg.rf.7ead95afef5334953dccc0c20dde49cf.jpg, 0, 0, 0, 1, 0, 0, 0, 0
m-869-85_jpg.rf.7eb33579022f142dcfca3ea931737f1b.jpg, 0, 0, 0, 0, 0, 0, 1, 1
m-370-L_jpg.rf.7f79232232742b4b3560877acc4ae223.jpg, 1, 0, 0, 0, 0, 0, 0, 0
m-189-L_jpg.rf.7f9e1181c5ab315c4e1604113c96b77d.jpg, 0, 0, 1, 0, 0, 0, 0, 0
m-2912-L_jpg.rf.80fd538de56e5de7a0e983fc4bb9ac24.jpg, 0, 0, 0, 0, 0, 0, 0, 1
m-4554-L_jpg.rf.7f9a12a2086c9c7a5b535ac0a340df2a.jpg, 0, 0, 0, 1, 0, 0, 0, 0
m-2153-L_jpg.rf.7e75db469bbf0783ccbe0f7dfa069c2f.jpg, 0, 0, 0, 0, 0, 0, 1, 0
m-3040-45_jpg.rf.80f2bf55ae39ca423369c6a6a896e8e6.jpg, 1, 0, 0, 0, 1, 0, 0, 0
m-530-L_jpg.rf.7fb4ed7b868e584546ce90baa743d718.jpg, 1, 0, 0, 0, 0, 0, 0, 0
m-3892-315_jpg.rf.811eba23e6ff169ddc49a27a65d82232.jpg, 0, 0, 0, 0, 0, 0, 1, 0
m-799-L_jpg.rf.8096066fb97faa67604a28e9e88a4677.jpg, 0, 1, 0, 0, 0, 0, 0, 0
m-4232-L_jpg.rf.810ab1cb1f302a8268ab711b011714d4.jpg, 0, 0, 0, 1, 0, 0, 0, 0
m-464-L_jpg.rf.800d9589ee1d41d8a86d9d3746d7f908.jpg, 0, 0, 1, 0, 0, 0, 0, 0
m-3304-L_jpg.rf.824d100e78687a80a8ef9beef78c1241.jpg, 0, 0, 0, 0, 0, 0, 0, 1
m-1652-71_jpg.rf.829b59b92f1eb481a92a3a5963af9ed4.jpg, 0, 0, 0, 1, 0, 0, 0, 0
m-2466-13_jpg.rf.81592db4fd6f8ea86f826a7b9cf73611.jpg, 1, 0, 0, 0, 0, 0, 0, 0
m-6655-343_jpg.rf.822078e217f754bda333bb01b12e1891.jpg, 0, 0, 0, 1, 0, 0, 0, 0
m-2909-L_jpg.rf.83249f5c561bd0fbdcf21f818e729158.jpg, 0, 0, 0, 1, 0, 0, 0, 0
m-385-L_jpg.rf.82d5755633a81a56ec7744f44780aaca.jpg, 0, 0, 0, 1, 0, 0, 0, 0
m-3999-L_jpg.rf.8322faed0104fbb52f11af5084bd434d.jpg, 0, 0, 1, 0, 0, 0, 0, 0
m-2586-L_jpg.rf.8437bc0bafe185be181eb4b234c0c3e6.jpg, 0, 0, 0, 1, 0, 0, 0, 0
m-2137-L_jpg.rf.87fecac811283db01ce568b5ec16bec5.jpg, 0, 0, 0, 0, 0, 0, 1, 0
m-1079-L_jpg.rf.899682aa5d8f1a5ff613932d5995bbe6.jpg, 0, 0, 1, 0, 0, 0, 0, 0
m-335-L_jpg.rf.845273c0bb82a3660697ac15305d8163.jpg, 0, 0, 1, 0, 0, 0, 0, 0
m-2009-L_jpg.rf.8490039ae006397ee1365a97517f4dfb.jpg, 0, 0, 0, 0, 0, 0, 1, 0
m-894-L_jpg.rf.84c7178eb6f01f98d2b557efaf38ac8f.jpg, 0, 0, 0, 1, 0, 0, 0, 0
m-242-L_jpg.rf.883de5ecccfb7644268cb7f3de89a317.jpg, 1, 0, 0, 0, 0, 0, 0, 0
m-1298-L_jpg.rf.8802a71445e0c8d371a0403414079eea.jpg, 0, 0, 0, 0, 1, 0, 1, 0
m-2820-L_jpg.rf.899049346ad8c1b569906be4cfa922c3.jpg, 0, 0, 0, 0, 0, 0, 0, 1
m-2780-L_jpg.rf.84e5457a8f4ea9d6d6613372d67cf6fc.jpg, 1, 0, 0, 0, 0, 0, 0, 0
m-2106-L_jpg.rf.8b729bb08fd98adcd3ae3a5bef953e19.jpg, 1, 0, 0, 0, 0, 0, 1, 0
m-697-L_jpg.rf.883b070fe8a2b190d284951fa088db22.jpg, 0, 0, 0, 1, 0, 0, 0, 0
m-3630-340_jpg.rf.88c38ec1806c88aa4bb43c0065780d3f.jpg, 0, 0, 1, 0, 0, 0, 0, 0
m-268-L_jpg.rf.89ae724bb1078250c5cc7b81e9568a50.jpg, 1, 0, 0, 0, 0, 0, 0, 0
m-34-L_jpg.rf.89542765e23d187ac90f4f6e1d46a4f3.jpg, 1, 0, 0, 0, 0, 0, 0, 0
m-747-L_jpg.rf.893ea7461b690232162c94d907559612.jpg, 0, 0, 0, 1, 0, 0, 0, 0
m-3120-312_jpg.rf.8b7744e914296f4c13496403037d79d7.jpg, 1, 0, 0, 0, 0, 0, 1, 0
m-3922-L_jpg.rf.883f909e932bc5c62f775a8e05f019ed.jpg, 0, 0, 0, 0, 0, 0, 1, 0
m-253-L_jpg.rf.8a0e447369e0de9e834ae078e572b9db.jpg, 1, 0, 0, 0, 0, 0, 0, 0
m-370-L_jpg.rf.85957c8e75642485fe50a5efe96f517a.jpg, 0, 0, 1, 0, 0, 0, 0, 0
m-279-L_jpg.rf.88f6e2913c7b726683890e480d16e458.jpg, 0, 0, 1, 0, 0, 0, 0, 0
m-1177-L_jpg.rf.85ad155dfb96bfb83b3ef91569fbe4aa.jpg, 0, 0, 0, 1, 0, 0, 0, 0
m-3805-48_jpg.rf.8ac22d1200405b6673a3cc2af9e097bb.jpg, 0, 0, 0, 0, 0, 0, 1, 0
m-2043-L_jpg.rf.89f220f231392274c61a24a5d78ffb82.jpg, 0, 0, 0, 0, 0, 0, 1, 1
m-3113-326_jpg.rf.89df34784ddbcb686d3b130fe36df587.jpg, 1, 0, 0, 0, 0, 0, 1, 0
m-4175-L_jpg.rf.8bde3bfeb3fba6be6dcdb2c52914a560.jpg, 0, 1, 0, 0, 0, 0, 0, 0
m-3043-L_jpg.rf.8d3990fa843c15662c51761997701a4a.jpg, 0, 0, 0, 0, 0, 0, 0, 1
m-109-L_jpg.rf.8c7894af6a55961b00d3824402971088.jpg, 1, 0, 0, 0, 0, 0, 0, 0
m-3665-L_jpg.rf.89b5d70d2c2f7b20465e22d824266ddb.jpg, 0, 0, 1, 0, 0, 0, 0, 0
m-4630-L_jpg.rf.8d0b026d054e28fc11900e4e9c526e7e.jpg, 0, 0, 1, 0, 0, 0, 0, 0
m-1510-29_jpg.rf.8c2c48944c26dc030cde1c681d6fb0bc.jpg, 0, 0, 0, 0, 0, 0, 0, 1
m-2046-L_jpg.rf.9045b5bc711ea50cac6c143c1c0c829f.jpg, 0, 0, 0, 0, 0, 0, 1, 0
m-2063-L_jpg.rf.92f4bf5b1b198ace81b0e2c2f41164b1.jpg, 0, 0, 0, 0, 0, 0, 1, 0
m-350-L_jpg.rf.8f7e546d9dd3fb8730a630e333de200c.jpg, 0, 0, 0, 0, 0, 1, 0, 0
m-3303-293_jpg.rf.8fe720c037e03107c849b0b43d382ee6.jpg, 1, 0, 0, 0, 0, 0, 0, 0
m-3777-57_jpg.rf.9404b9017d9cbfc67851d8fab7733f4e.jpg, 0, 0, 0, 0, 0, 0, 1, 0
m-3174-L_jpg.rf.8db1f799156fb8fbe9393a6321dbf0f2.jpg, 0, 0, 0, 1, 0, 0, 0, 0
m-2849-L_jpg.rf.914c37dac31bfe861389e7d42a40333d.jpg, 1, 0, 0, 0, 0, 0, 0, 0
m-82-285_jpg.rf.8d90f7bcb7ccf8c4fb8e944031bfe29f.jpg, 0, 0, 0, 1, 0, 0, 0, 0
m-3313-L_jpg.rf.8f7cb7570efaff037deb2397216f883e.jpg, 0, 1, 0, 0, 0, 0, 0, 1
m-3179-L_jpg.rf.90174af55b6b05632561de9c3d75a35d.jpg, 0, 0, 0, 0, 0, 1, 0, 0
m-3225-L_jpg.rf.9447b476660dba6315636b40457ef378.jpg, 0, 1, 0, 0, 0, 0, 0, 0
m-438-L_jpg.rf.8dedcd828a6de0da5eed7f2fc6b99d12.jpg, 0, 0, 1, 0, 0, 0, 0, 0
m-3451-L_jpg.rf.91eb94df02b50a0e6970a4baafe6a94f.jpg, 0, 0, 0, 0, 0, 0, 0, 1
m-4609-L_jpg.rf.913c2e9db1f51b2d9e4e1236a23d8dd0.jpg, 0, 0, 0, 0, 0, 0, 0, 1
m-263-L_jpg.rf.8f8c54ab932e3dd955bf8369ff1337c1.jpg, 1, 0, 0, 0, 0, 0, 0, 0
m-3192-330_jpg.rf.956962620c2cb7fd63ac0d4da7a4ce9d.jpg, 0, 0, 1, 0, 0, 0, 0, 0
m-247-L_jpg.rf.94594121297a939d74cd5bae9772e040.jpg, 0, 0, 0, 0, 1, 0, 1, 0
m-2618-L_jpg.rf.954fa180f00af7c5b1b04d6cf8a337d3.jpg, 0, 0, 0, 0, 0, 1, 0, 0
m-2042-L_jpg.rf.959ee9fdcf5bab5e638624230452d702.jpg, 0, 0, 0, 0, 0, 0, 1, 0
m-1317-277_jpg.rf.9280b29347efb88a208b69cb646884b1.jpg, 0, 0, 0, 0, 0, 0, 0, 1
m-132-L_jpg.rf.8efa7e14e45e2de02163b03856dc854b.jpg, 0, 0, 1, 0, 0, 0, 0, 0
m-35-L_jpg.rf.92c086d1732f9f418a19af0d21821396.jpg, 1, 0, 0, 0, 0, 0, 0, 0
m-473-L_jpg.rf.96a907e9ee07b56fd0f05215915c0f33.jpg, 0, 0, 1, 0, 0, 0, 0, 0
m-3766-35_jpg.rf.93fb91956f006c83385dbcea698e67ed.jpg, 0, 0, 1, 0, 0, 0, 0, 0
m-1108-L_jpg.rf.93c96bec278fc65894b0470b7e7d20e1.jpg, 1, 0, 0, 0, 1, 0, 0, 0
m-4455-L_jpg.rf.9872d0cb8b2d511275e693988b238fd0.jpg, 0, 0, 0, 1, 0, 0, 0, 0
m-3681-305_jpg.rf.961ac7d36699a22cf69435feaa8334dc.jpg, 0, 0, 1, 0, 0, 0, 0, 0
m-2693-L_jpg.rf.967450c39a9a998c186f7dfd2b4fc685.jpg, 1, 0, 0, 0, 0, 0, 0, 0
m-1040-43_jpg.rf.98cd4f91f5ba6d847df556eae76706e4.jpg, 0, 0, 0, 0, 0, 0, 1, 1
m-2344-L_jpg.rf.98f4cf82a2768f2e19a0e120b79c2492.jpg, 0, 0, 0, 1, 0, 0, 0, 0
m-3060-312_jpg.rf.98d8e9fb669d0510e6adbca73e8bc29a.jpg, 0, 0, 0, 1, 0, 0, 0, 0
m-1822-31_jpg.rf.9703a57be84ab24f2682505f11c4b950.jpg, 0, 0, 0, 1, 0, 0, 0, 0
m-3686-317_jpg.rf.98fc2a0a02a6e770278feee728f1534b.jpg, 0, 0, 1, 0, 0, 0, 0, 0
m-255-L_jpg.rf.9a31d8ef9fef84c64b8c2a6fec7d71e7.jpg, 0, 0, 1, 0, 0, 0, 0, 0
m-3078-L_jpg.rf.9c20341fa96a450a862d539b7f5d10c3.jpg, 0, 0, 0, 0, 0, 1, 0, 0
m-3686-L_jpg.rf.996670ab83239ec23e4bafd5f2a0c7d7.jpg, 0, 0, 0, 1, 0, 0, 0, 0
m-3769-L_jpg.rf.9a33f1b2f9d2544aa679ccfa1dab1b20.jpg, 0, 0, 0, 1, 0, 0, 0, 0
m-265-L_jpg.rf.999b76713891ebbb3c496a7d6b92f9d8.jpg, 1, 0, 0, 0, 0, 0, 0, 0
m-2163-L_jpg.rf.9a359e43a0e5348b19e20c8bc906530b.jpg, 0, 0, 1, 0, 0, 0, 0, 0
m-2499-306_jpg.rf.996c27b732c87e9a2afcbfdf54c490f1.jpg, 0, 0, 0, 1, 0, 0, 0, 0
m-435-L_jpg.rf.95eaf8b9350a06ac312b62088fb9222e.jpg, 0, 0, 0, 1, 0, 0, 0, 0
m-3916-19_jpg.rf.9765a19d8e46d6093ce7893dc758b1fc.jpg, 0, 0, 0, 0, 0, 0, 1, 1
m-3568-1_jpg.rf.9bfcf831bf4eae958b1cbf9291368a80.jpg, 0, 0, 0, 0, 0, 0, 1, 0
m-6162-82_jpg.rf.9b3de7064ee412c10751f6203d8113bb.jpg, 0, 0, 0, 1, 0, 0, 0, 0
m-3127-318_jpg.rf.9cac5a6cbe8aa9264e92c44d807499a3.jpg, 0, 0, 0, 0, 1, 0, 1, 0
m-2024-L_jpg.rf.9c41a2c019a8c09db189a20db8e9d2ad.jpg, 0, 0, 0, 0, 0, 0, 1, 0
m-3535-341_jpg.rf.9cafa895ca31f61e5676cf2beee155ef.jpg, 0, 0, 1, 0, 0, 0, 0, 0
m-1157-L_jpg.rf.957b896d2683da5949f096ed07a7b5d5.jpg, 0, 0, 0, 0, 1, 0, 1, 0
m-3692-L_jpg.rf.9c931e1d0f30e3343bcf43ee14435ac9.jpg, 0, 0, 1, 0, 0, 0, 0, 0
m-312-L_jpg.rf.9d24efa244b7d60cf0d58f03368e6b17.jpg, 1, 0, 0, 0, 0, 0, 0, 0
m-2213-339_jpg.rf.9d44d8936c6578fae87083db7fda4c37.jpg, 0, 0, 0, 0, 0, 0, 0, 1
m-3600-L_jpg.rf.969e7bda6ad4ea27a6e7cc756871de44.jpg, 0, 0, 0, 1, 0, 0, 0, 0
m-4566-L_jpg.rf.9e8b956f8165adfbf7d1dcec4fd9cb0a.jpg, 0, 0, 0, 1, 0, 0, 0, 0
m-55-L_jpg.rf.a0b874420dd643138788d6e2e7870b7c.jpg, 1, 0, 0, 0, 0, 0, 0, 0
m-3356-318_jpg.rf.a0cad86ca90a9c245d23c1d3e9702302.jpg, 1, 0, 0, 0, 1, 0, 0, 0
m-4167-L_jpg.rf.a0362824d50005f33c3c0b3db7e4c154.jpg, 0, 0, 1, 0, 0, 0, 0, 0
m-453-L_jpg.rf.a044615ad678a0b688382c5b8f17481e.jpg, 0, 1, 0, 0, 0, 0, 0, 0
m-34-L_jpg.rf.995fcb631ac81873a656d6aa07c4157a.jpg, 0, 0, 1, 0, 0, 0, 0, 0
m-3227-38_jpg.rf.9fbc98f5ea505b2d9a32d01c81e5f201.jpg, 1, 0, 0, 0, 1, 0, 0, 0
m-3484-27_jpg.rf.a03a0d3ad009a22bdb222522947a2cf4.jpg, 0, 0, 1, 0, 0, 0, 0, 0
m-670-312_jpg.rf.9e1191620ce8db867ba81b6ff26d050a.jpg, 0, 0, 0, 0, 0, 0, 1, 1
m-2034-L_jpg.rf.a0941327264ade4a52d98bab3de74f46.jpg, 0, 0, 0, 0, 0, 1, 0, 0
m-3072-318_jpg.rf.9ec9a5a471be11196368ddb7036d310a.jpg, 0, 0, 0, 0, 1, 0, 1, 0
m-2018-L_jpg.rf.a0b90bdcc55a4eff62e6ff70742fbadf.jpg, 0, 0, 1, 0, 0, 0, 0, 0
m-5009-21_jpg.rf.a18c22ee706e96f7112788a22b422ce8.jpg, 0, 0, 1, 0, 0, 0, 0, 0
m-1628-55_jpg.rf.a162027d5da9d7510da0c27c47eb60d0.jpg, 0, 0, 0, 0, 0, 0, 1, 0
m-2868-L_jpg.rf.9b336c934931a613d22176bf102f12de.jpg, 0, 0, 0, 1, 0, 0, 0, 0
m-3403-325_jpg.rf.a0c18eb7adfb5eace3acbbe8b1a0bbc6.jpg, 1, 0, 0, 0, 0, 0, 0, 0
m-174-L_jpg.rf.9ebff880c9ff1ca35b315003ed8a6155.jpg, 0, 0, 1, 0, 0, 0, 0, 0
m-3974-295_jpg.rf.a09a8dbf47b34375abe08fd83359cab3.jpg, 0, 0, 0, 0, 1, 0, 1, 0
m-1064-L_jpg.rf.9d54dcd7253fbb368a1d2fb31c0be784.jpg, 0, 0, 0, 1, 0, 0, 0, 0
m-3129-274_jpg.rf.a1ea0c7bc317b296e875155980ec6236.jpg, 0, 0, 1, 0, 0, 0, 0, 0
m-3877-32_jpg.rf.a20ea10cbb7c25758cd6a3f906f92052.jpg, 0, 0, 1, 0, 0, 0, 0, 0
m-162-L_jpg.rf.a1dcc72516241a7cebcdbcd722b3b550.jpg, 0, 0, 1, 0, 0, 0, 0, 0
m-3122-L_jpg.rf.a07fa55d22dff3d3fe0bff81f7a2ab35.jpg, 0, 0, 0, 0, 0, 1, 0, 0
m-2057-L_jpg.rf.a51016fd5173015e379ae75af650b22a.jpg, 0, 0, 0, 0, 0, 0, 1, 0
m-2938-L_jpg.rf.a1b94121ff1994fb3e3a27c8481d28b9.jpg, 0, 0, 0, 0, 0, 0, 1, 0
m-1116-70_jpg.rf.a3d048a8ba47fe760ee7ebc1cbb328bf.jpg, 0, 0, 1, 0, 0, 0, 0, 0
m-3578-L_jpg.rf.a3039bbaa19ba0fc34ed232dd6998f6a.jpg, 0, 0, 0, 1, 0, 0, 0, 0
m-5651-285_jpg.rf.a3ee2ca3082ee86f0273f3676be970d7.jpg, 0, 0, 0, 1, 0, 0, 0, 0
m-1655-L_jpg.rf.a4fe2ee690844f1564d9263649b0a92c.jpg, 0, 0, 0, 1, 0, 0, 0, 0
m-438-L_jpg.rf.a4f3abf7345cedb6827996fca9d7dbc0.jpg, 1, 0, 0, 0, 0, 0, 0, 0
m-3034-67_jpg.rf.a2f8a5cb8eca7e7bfdb2c57a03da5cda.jpg, 1, 0, 0, 0, 1, 0, 0, 0
m-3725-311_jpg.rf.a21dbcfe09f47e29920eb0a6cb5d6153.jpg, 1, 0, 0, 0, 1, 0, 0, 0
m-138-L_jpg.rf.a4d6299d5d60e58bff3d2e312ebba73d.jpg, 1, 0, 0, 0, 0, 0, 0, 0
m-3654-L_jpg.rf.a5c15336b617f2d3935eacad67ba89b9.jpg, 0, 0, 1, 0, 0, 0, 0, 0
m-2143-L_jpg.rf.9e1ef61cdb738b590d1947c6783a9686.jpg, 0, 0, 0, 0, 0, 0, 1, 0
m-2246-L_jpg.rf.a41c4e941026efd584d9caa4359b0fa4.jpg, 0, 0, 0, 1, 0, 0, 0, 0
m-3909-L_jpg.rf.a6ebe1c999ea24167d17af0a77d381b5.jpg, 1, 0, 0, 0, 0, 0, 0, 0
m-3561-L_jpg.rf.a759699c35a55b0344444489c1c9106f.jpg, 1, 1, 0, 0, 0, 0, 0, 0
m-3461-346_jpg.rf.a6ed1a9e8576dd8a53b0b35a2d929b08.jpg, 1, 0, 0, 0, 0, 0, 0, 0
m-3799-L_jpg.rf.a607c585cedc0017bfd1697cabb3a83f.jpg, 1, 0, 0, 0, 0, 0, 0, 0
m-4766-L_jpg.rf.a279850b92970b1f24ff547029b96303.jpg, 0, 0, 0, 0, 0, 1, 0, 0
m-31-L_jpg.rf.a6770cd60903858e64971ea780360090.jpg, 0, 0, 1, 0, 0, 0, 0, 0
m-544-L_jpg.rf.a6733465d64d09cfaf78e051bd97cb53.jpg, 1, 0, 0, 0, 0, 0, 0, 0
m-4542-34_jpg.rf.a6cb15c0374aea5415059f90eb480aeb.jpg, 0, 0, 0, 1, 0, 0, 0, 0
m-987-L_jpg.rf.a6e229ce39c3ce2805316d113e44e5a0.jpg, 0, 0, 0, 1, 0, 0, 0, 0
m-480-L_jpg.rf.a48d799edb41702daab364f24ab9ccfb.jpg, 0, 0, 0, 0, 0, 0, 0, 1
m-1270-L_jpg.rf.a83971b3b1f837f9a968ea34d8bd7a3b.jpg, 1, 0, 0, 0, 1, 0, 0, 0
m-4819-L_jpg.rf.a8ffc6d06a8c56160fd9a65b963fbe32.jpg, 0, 0, 0, 0, 0, 0, 1, 1
m-3790-359_jpg.rf.a8b88d44eef442c9ac5f3acbf0df9084.jpg, 0, 0, 1, 0, 0, 0, 0, 0
m-3079-284_jpg.rf.a8671d769169ad5873b8875a5fbcec0e.jpg, 1, 0, 0, 0, 0, 0, 0, 0
m-463-L_jpg.rf.a755772fee65a24e15fcaaef831e3181.jpg, 0, 0, 1, 0, 0, 0, 0, 0
m-1387-40_jpg.rf.a7e72ca337cb56d10af52c440653c7c7.jpg, 0, 0, 0, 1, 0, 0, 0, 0
m-1071-30_jpg.rf.a2258c6444a3749e7eade164b35c45ad.jpg, 0, 0, 0, 0, 0, 0, 0, 1
m-3398-10_jpg.rf.a95964b0ca751f491f3943b4e4ba726e.jpg, 1, 0, 0, 0, 0, 0, 0, 0
m-992-L_jpg.rf.a959e5bbbae7a08d45ff7f4ec15a0f74.jpg, 0, 1, 0, 0, 0, 0, 0, 0
m-2882-L_jpg.rf.a8d1d8714bb7e458ed942bde462fe474.jpg, 0, 0, 0, 1, 0, 0, 0, 0
m-2134-L_jpg.rf.a81fcc8f05c4b0e532aa2253cb1a173b.jpg, 0, 0, 0, 0, 1, 0, 0, 0
m-3114-L_jpg.rf.a9ab0a8edfa0935d77284b813bb08b01.jpg, 0, 0, 0, 0, 0, 1, 0, 0
m-2638-L_jpg.rf.aa9ef05fc8223027ef2f32afc59a2e5b.jpg, 0, 1, 0, 0, 0, 0, 1, 0
m-3553-346_jpg.rf.ab5586afdc92866d35cecd1a02db998a.jpg, 0, 0, 0, 0, 0, 0, 1, 0
m-2567-L_jpg.rf.acb907f0b36bb5a5bedba0db4290c8c2.jpg, 0, 0, 0, 0, 0, 1, 0, 0
m-3564-39_jpg.rf.ab116bf0f75b7fcc494e4ba97bb8d0de.jpg, 1, 0, 0, 0, 1, 0, 0, 0
m-3075-L_jpg.rf.abab067c459be9f2f79da4169bd97d99.jpg, 0, 0, 0, 0, 0, 0, 1, 0
m-2081-L_jpg.rf.a9c33400cf0092b3c0429017e2084f90.jpg, 0, 0, 0, 0, 0, 0, 1, 0
m-3955-L_jpg.rf.affbe7d70465d3111288a3153bf6b029.jpg, 0, 0, 0, 1, 0, 0, 0, 0
m-1592-18_jpg.rf.ac46f2e467e0ec7d59537b57991320c2.jpg, 1, 0, 0, 0, 1, 0, 0, 0
m-355-L_jpg.rf.ad2cbfa24fcdcfa0ce2d90bed869bf7b.jpg, 1, 0, 0, 0, 0, 0, 1, 0
m-1839-312_jpg.rf.ac1a9cfcbca46dbf8e7080b1117596e6.jpg, 0, 0, 0, 0, 0, 0, 0, 1
m-4153-32_jpg.rf.acc54726477ebbb49f6459e25afd59ca.jpg, 0, 0, 1, 0, 0, 0, 0, 0
m-98-L_jpg.rf.aee47ce56e31f55a483594dd748e0646.jpg, 1, 0, 0, 0, 0, 1, 0, 0
m-3253-L_jpg.rf.ab539a34a3ffc796f8078fb7802a9da1.jpg, 1, 0, 0, 0, 0, 0, 0, 0
m-631-L_jpg.rf.b08a1dce478e4fd261bbc4300ebf741a.jpg, 0, 0, 0, 1, 0, 0, 0, 0
m-889-68_jpg.rf.afa6ab38629b0ffb88e95086eb8a2cf0.jpg, 0, 0, 0, 0, 0, 0, 1, 1
m-3911-296_jpg.rf.b13c8db10ec51a0f8845da847c6507cc.jpg, 0, 0, 1, 0, 0, 0, 0, 0
m-1110-L_jpg.rf.aede433a8b4e182cfeaa7f0457c10584.jpg, 1, 0, 0, 0, 1, 0, 0, 0
m-3100-L_jpg.rf.abf7fef7d95d7116e4d2fb97d4238058.jpg, 0, 1, 0, 0, 0, 0, 0, 0
m-3033-L_jpg.rf.b0f4b2f004dade80f98d0c3e048f7c62.jpg, 0, 0, 0, 0, 0, 1, 0, 0
m-3897-320_jpg.rf.ace82c8f7aa3e1108a8b84e725e3400c.jpg, 0, 0, 1, 0, 0, 0, 0, 0
m-3803-76_jpg.rf.ad23f93bc9042df7265b23e43b2b260b.jpg, 0, 0, 0, 0, 0, 0, 1, 0
m-1157-292_jpg.rf.a700c6d5089ea0af3a1344b75df75a01.jpg, 0, 0, 0, 0, 0, 0, 1, 1
m-3859-L_jpg.rf.b1882ac76f25e5653963b5965d9001c0.jpg, 0, 0, 0, 0, 0, 1, 0, 0
m-1174-L_jpg.rf.abeb8df20e8ccfd0e105820a2dd4df06.jpg, 1, 0, 0, 0, 0, 0, 1, 0
m-3505-L_jpg.rf.afc5f48e1770a77e44c96d07bf8c4bc4.jpg, 1, 0, 0, 0, 0, 1, 0, 0
m-1337-L_jpg.rf.b2435a20a7f77c9d73e08c09e0a972b8.jpg, 0, 0, 0, 1, 0, 0, 0, 0
m-3031-L_jpg.rf.b2bf2b649fd9542d05db8b4dc69f3fae.jpg, 0, 0, 0, 0, 0, 1, 0, 0
m-5101-347_jpg.rf.b04e650e6d5ac65197faae0f76435327.jpg, 0, 0, 1, 0, 0, 0, 0, 0
m-3380-306_jpg.rf.b2565df94918aa90cd81d4bbdd6acb7c.jpg, 1, 0, 0, 0, 0, 0, 1, 0
m-2112-69_jpg.rf.b1af646e20a8bce4478e1117dfbd1403.jpg, 0, 0, 0, 1, 0, 0, 0, 0
m-3885-L_jpg.rf.b2c1737ea0ec9a899e5910b35f86659b.jpg, 0, 0, 0, 1, 0, 0, 0, 0
m-3073-L_jpg.rf.b216da7ff321864341ddcf14766a83dc.jpg, 0, 0, 0, 0, 0, 1, 0, 0
m-3462-294_jpg.rf.b1bde8f5da1081801ee65bcd106b2825.jpg, 0, 0, 0, 0, 1, 0, 1, 0
m-123-L_jpg.rf.b2cc4221f03528e872be143fa72d73af.jpg, 1, 0, 0, 0, 0, 0, 0, 0
m-971-L_jpg.rf.a9ffb60e46e7b61cbff0031d080cd72a.jpg, 1, 0, 0, 0, 0, 0, 0, 0
m-3129-L_jpg.rf.b517c277d2d293f333791c1b12f56114.jpg, 0, 1, 0, 0, 0, 0, 0, 0
m-1330-L_jpg.rf.b2c61e140eaf27c71defeb556c352002.jpg, 1, 0, 0, 0, 1, 0, 0, 0
m-2169-L_jpg.rf.b4f3dfc7c4a50321f76134b7532205bf.jpg, 0, 0, 0, 0, 0, 0, 1, 0
m-3569-L_jpg.rf.b6903ca106ce4127ae57297f6b707471.jpg, 0, 0, 0, 1, 0, 0, 0, 0
m-3506-291_jpg.rf.b548c002f2df6c8965ab89990d757d5e.jpg, 0, 0, 0, 0, 0, 0, 1, 0
m-2869-L_jpg.rf.b65764ca10fff5a8f4a49dce6a0b04e6.jpg, 0, 0, 0, 1, 0, 0, 0, 0
m-91-L_jpg.rf.b4d63c4b30e078fb4d59ed1632cec81c.jpg, 0, 0, 0, 0, 0, 0, 1, 0
m-3034-L_jpg.rf.b1a7a17ef811b2027fa62dd2dac4f1bb.jpg, 0, 0, 0, 0, 0, 1, 0, 0
m-503-L_jpg.rf.b483359562405f68347a0422b0282ba2.jpg, 0, 0, 1, 0, 0, 0, 0, 0
m-2262-33_jpg.rf.b7b12946dfa96b6cb44de450a41e4d47.jpg, 0, 0, 0, 1, 0, 0, 0, 0
m-3112-L_jpg.rf.b566d5de85100c6ab9b0f7efdde78b7a.jpg, 0, 0, 0, 0, 0, 1, 0, 0
m-422-L_jpg.rf.b73c2dc2598ebeee1bab8dd8d73b318b.jpg, 0, 0, 1, 0, 0, 0, 0, 0
m-2448-L_jpg.rf.b7b57bfc617105c28b215f3375650cc5.jpg, 0, 0, 0, 0, 0, 0, 1, 0
m-2016-L_jpg.rf.b4654071b173301fa65a4374693bf332.jpg, 0, 0, 0, 1, 0, 0, 0, 0
m-5037-290_jpg.rf.b9249499e466380f83a820267a31810e.jpg, 0, 0, 0, 0, 1, 0, 0, 0
m-3712-L_jpg.rf.b8dac976eb07f93dd5ac9287ad208f31.jpg, 0, 0, 0, 1, 0, 0, 0, 0
m-1808-L_jpg.rf.ba6c960d138056604ec0879451c69e3a.jpg, 0, 0, 1, 0, 0, 0, 0, 0
m-1448-L_jpg.rf.ba34ebd314824784e4d93477b334e377.jpg, 0, 0, 0, 1, 0, 0, 0, 0
m-258-L_jpg.rf.baa88e168d62c049bcb2e50b5a0dd324.jpg, 0, 1, 0, 0, 0, 0, 0, 0
m-2613-L_jpg.rf.bad539997045a130b5d4060acb539a07.jpg, 0, 0, 0, 1, 0, 0, 0, 0
m-2327-L_jpg.rf.b3a7b2d0d8be8e7b43c9fa9ad78bee0c.jpg, 1, 0, 0, 0, 0, 0, 0, 0
m-2499-L_jpg.rf.bac25e0f89db904aa578be54b377995c.jpg, 0, 0, 0, 0, 0, 0, 0, 1
m-1178-305_jpg.rf.b907633fd3e0e4bc8284bbe7ad44fcef.jpg, 0, 0, 0, 1, 0, 0, 0, 0
m-2456-L_jpg.rf.bb80ccf1ee3d2e5d54f7512581193e36.jpg, 1, 0, 0, 0, 0, 0, 0, 0
m-3641-23_jpg.rf.b985bd158a7b66bbe0e0ab6414b0614b.jpg, 0, 0, 0, 0, 1, 0, 1, 0
m-842-L_jpg.rf.baa9de6e8c7ebac989d25124f2602b86.jpg, 0, 0, 0, 0, 0, 0, 0, 1
m-279-L_jpg.rf.bbf50b850f22957da9b27abfb668ccfe.jpg, 1, 0, 0, 0, 0, 0, 0, 0
m-3036-6_jpg.rf.bc6d06d6a1f9eb3e7db31614a8b51b4f.jpg, 0, 0, 0, 0, 1, 0, 1, 0
m-30-359_jpg.rf.b89ed26b33d8b305484851306b6b6bfe.jpg, 0, 0, 0, 1, 0, 0, 0, 0
m-2200-L_jpg.rf.bc0d2bd70d46421ace5207d39f78bc6f.jpg, 0, 0, 0, 0, 0, 0, 1, 1
m-4826-282_jpg.rf.bbe05720aa3f2a70a28ce76cc40a5bf8.jpg, 0, 0, 0, 1, 0, 0, 0, 0
m-3479-293_jpg.rf.bcd1432e965d1a45f833a1af3b82893a.jpg, 0, 0, 0, 0, 1, 0, 0, 0
m-2215-L_jpg.rf.bd4165dd3e8cc6dbe72b5c4c7f836cc5.jpg, 1, 0, 0, 0, 1, 0, 0, 0
m-157-L_jpg.rf.bbecc4070bb7e9836541af70dd6e8b3a.jpg, 0, 0, 1, 0, 0, 0, 0, 0
m-3310-327_jpg.rf.bcb9731331f83ca99de4f6ca28fa86f1.jpg, 0, 0, 0, 0, 0, 0, 1, 0
m-2710-L_jpg.rf.bd085d28f6db00ca79a6dbb199737c6e.jpg, 1, 0, 0, 0, 0, 0, 1, 0
m-3497-L_jpg.rf.bf0f4c46c1099472ef81d4d50807fc44.jpg, 0, 0, 0, 1, 0, 0, 0, 0
m-507-L_jpg.rf.bf1cad26a905788f475e6645fea3d586.jpg, 0, 0, 1, 0, 0, 0, 0, 0
m-452-L_jpg.rf.bd2c98a8c46982b2244b0491e53db0c2.jpg, 0, 0, 1, 0, 0, 0, 0, 0
m-4199-L_jpg.rf.bdb85638414103b8f36073e9821c6543.jpg, 1, 0, 0, 0, 0, 0, 0, 0
m-99-L_jpg.rf.b1693cc3a2f5d07986b01dbecff605b3.jpg, 1, 0, 0, 0, 0, 0, 1, 0
m-1069-L_jpg.rf.c07656732b47f35e58ddf45375fc72aa.jpg, 0, 0, 0, 1, 0, 0, 0, 0
m-3167-20_jpg.rf.c02d0ee1aa3f6da52554cc9883e2e254.jpg, 1, 0, 0, 0, 1, 0, 0, 0
m-4674-L_jpg.rf.bfccbeda98850c8e25657c0bfcdd153a.jpg, 0, 0, 0, 0, 0, 1, 0, 0
m-914-L_jpg.rf.bba8dac4f29e8815ae1477beadbc397f.jpg, 0, 1, 0, 0, 0, 0, 0, 0
m-719-L_jpg.rf.bc4d9de0f3668916f778fae361305b54.jpg, 0, 0, 0, 1, 0, 0, 0, 0
m-569-L_jpg.rf.c051a798d987aa1331ced25feea617ee.jpg, 0, 0, 0, 0, 0, 1, 0, 0
m-3066-67_jpg.rf.c033b78c0acb8a86836dba7af80eea3d.jpg, 0, 0, 0, 0, 1, 0, 1, 0
m-72-26_jpg.rf.bd45168aec107fec2b8bf9d0bb0a1108.jpg, 0, 0, 0, 0, 1, 0, 0, 0
m-1808-82_jpg.rf.c03820416b496c2da3531b2090bf2124.jpg, 0, 0, 0, 0, 0, 0, 0, 1
m-2306-345_jpg.rf.c20bbe67a07670eef054c687640059f7.jpg, 0, 0, 0, 0, 1, 0, 1, 1
m-2170-L_jpg.rf.c3153ef15932677d0f4b48039020178a.jpg, 0, 0, 0, 0, 0, 0, 1, 0
m-1149-320_jpg.rf.c3e7321d3c55434636756e687264e558.jpg, 0, 0, 0, 0, 0, 0, 1, 1
m-2406-L_jpg.rf.c0d65b3c1744e7b029d9950c1d8c9db1.jpg, 0, 0, 0, 0, 0, 0, 1, 0
m-3947-L_jpg.rf.c1231f3c5ef386eed2ba4a5e4e0eb996.jpg, 0, 0, 0, 1, 0, 0, 0, 0
m-3913-L_jpg.rf.c12f6a0e2440d8f94971bc2e21a52128.jpg, 0, 0, 0, 0, 0, 0, 1, 0
m-49-L_jpg.rf.c3914a9811de325188e25dc6d67378a6.jpg, 0, 0, 1, 0, 0, 0, 0, 0
m-1132-L_jpg.rf.c40a1dab08833b52e6dd1e38a18f4de1.jpg, 0, 0, 0, 1, 0, 0, 0, 0
m-13-L_jpg.rf.c5de9c2d5e21e7ee7d5d9f66b599bff4.jpg, 0, 0, 1, 0, 0, 0, 0, 0
m-4814-L_jpg.rf.c46973162c84ef93232ce282c6d5669c.jpg, 0, 0, 0, 0, 0, 1, 0, 0
m-3130-L_jpg.rf.c56f39a96a9216c4cfdd0284bc1e301e.jpg, 0, 0, 0, 0, 0, 0, 1, 0
m-1099-L_jpg.rf.c3846ff3e14f943373d67687626a370d.jpg, 0, 0, 0, 0, 0, 0, 1, 0
m-112-L_jpg.rf.c4223791a5f295044975ccff24d5cdaa.jpg, 1, 0, 0, 0, 0, 1, 0, 0
m-3424-308_jpg.rf.c606bb56c831378ecc9c82b5c458a498.jpg, 1, 0, 0, 0, 1, 0, 0, 0
m-3771-21_jpg.rf.c6bdb4adca8c16e533735668f1d4ed3a.jpg, 0, 0, 0, 0, 0, 0, 1, 0
m-3664-L_jpg.rf.c646b16329166a7c268786a489d4013e.jpg, 0, 0, 0, 0, 0, 1, 1, 0
m-189-L_jpg.rf.c65f29ac3f122314c5c18f386ef1ae54.jpg, 1, 0, 0, 0, 0, 1, 1, 0
m-3590-L_jpg.rf.c60834b632736c204ba26589cb8ff2d1.jpg, 0, 0, 0, 0, 0, 0, 1, 0
m-3811-40_jpg.rf.c88944ed61742e692fe9021ab7aadfbc.jpg, 0, 0, 0, 1, 0, 0, 0, 0
m-399-L_jpg.rf.c5db39cce17a6902e0eb2e197661ba3f.jpg, 0, 0, 1, 0, 0, 0, 0, 0
m-2723-L_jpg.rf.c8919600da797ef424ac7efc2e32f601.jpg, 0, 0, 0, 0, 0, 0, 1, 1
m-3456-288_jpg.rf.c86557b98bc6da0a169ba5cc4675a678.jpg, 0, 0, 0, 0, 1, 0, 1, 0
m-656-L_jpg.rf.c71dc7bbf15be3a7784ca5df0bba9110.jpg, 0, 0, 0, 1, 0, 0, 0, 0
m-2155-305_jpg.rf.c8d21a825f235c7e7d1f3445f9764e4b.jpg, 0, 0, 0, 1, 0, 0, 0, 0
m-2046-L_jpg.rf.c92dfef2386fea1f81648e263c41f94c.jpg, 0, 0, 0, 0, 0, 0, 1, 0
m-3002-L_jpg.rf.ca1121a2526fab13b2e7861e44729edb.jpg, 0, 0, 0, 0, 0, 1, 0, 0
m-902-L_jpg.rf.cab2fa0c404971a7d14e814e43ae54f4.jpg, 0, 1, 0, 0, 0, 0, 0, 0
m-3325-325_jpg.rf.cf4dcc3f38244814c359cdc70af8124a.jpg, 1, 0, 0, 0, 0, 0, 0, 0
m-3539-L_jpg.rf.cc2bb6f36faa00a8452ac918282eff2e.jpg, 0, 0, 1, 0, 0, 0, 0, 0
m-2084-L_jpg.rf.c94bf3fbf6c5ba1b5471b5e2349b6317.jpg, 1, 0, 0, 0, 0, 0, 0, 0
m-726-L_jpg.rf.cb4eacc9ea0bea932442055d44363540.jpg, 0, 0, 0, 0, 0, 0, 1, 0
m-2006-L_jpg.rf.cc526a17487c3c7d8448483493a708ae.jpg, 0, 0, 0, 0, 0, 0, 1, 0
m-3109-23_jpg.rf.cbee6668aab1a663f2427331bc93a58e.jpg, 1, 0, 0, 0, 1, 0, 0, 0
m-1522-L_jpg.rf.ce26d8def808b7e3f459b8c89cbc8c5f.jpg, 0, 0, 1, 0, 0, 0, 0, 0
m-3496-41_jpg.rf.cc207bded26dbfb9750676f3fee865c7.jpg, 1, 0, 0, 0, 1, 0, 0, 0
m-79-L_jpg.rf.cc4d115194421f383ed600b7abc5ed37.jpg, 1, 0, 0, 0, 0, 0, 0, 0
m-3079-L_jpg.rf.cdb0e70f0a6f3953434ca4ddd779f717.jpg, 0, 0, 0, 0, 0, 1, 0, 0
m-3951-71_jpg.rf.cba49abe48d36e0c8bf6de8e65a75520.jpg, 0, 0, 1, 0, 0, 0, 0, 0
m-3-L_jpg.rf.cbbd5cd2d6a8b60c90c317e491682953.jpg, 1, 0, 0, 0, 0, 0, 0, 0
m-428-L_jpg.rf.cc9da262d3babd9965fac47b97f21726.jpg, 0, 0, 1, 0, 0, 0, 0, 0
m-2961-L_jpg.rf.cd288e7e23e456c8eb4326b9a213223b.jpg, 0, 0, 0, 0, 0, 0, 1, 0
m-3940-311_jpg.rf.cde5e88dacf3c71f170f4479bdf0b9ad.jpg, 1, 0, 0, 0, 1, 0, 0, 0
m-78-L_jpg.rf.cf0393e09b3aeec2d32e27b5e31d8e84.jpg, 0, 0, 0, 0, 0, 0, 1, 0
m-2035-L_jpg.rf.cc36aeb71797ba356ce3af55e54277b4.jpg, 0, 0, 0, 1, 0, 0, 0, 0
m-2253-L_jpg.rf.cf59e350ee13b9bf366136f9a0de6d50.jpg, 1, 0, 0, 0, 0, 0, 0, 0
m-3483-L_jpg.rf.d01c161353aec9c8a42e25a2b919ae03.jpg, 0, 1, 0, 0, 0, 0, 0, 0
m-1879-298_jpg.rf.cb16a3bc3a5039449538d9464ebec47d.jpg, 0, 0, 1, 0, 0, 0, 0, 0
m-2259-L_jpg.rf.cf638b3b87cc9dda30b0b0c1720cff71.jpg, 0, 0, 0, 0, 0, 0, 1, 0
m-2026-L_jpg.rf.cf82db804caea7849fe69a55ac6ed392.jpg, 1, 0, 0, 0, 0, 0, 0, 0
m-1359-L_jpg.rf.cf3027cf1b8f9ce33149de519f1d9385.jpg, 0, 0, 0, 0, 0, 0, 1, 0
m-3715-308_jpg.rf.cee9593f3a406edf40bd85763f2f41e3.jpg, 0, 0, 1, 0, 0, 0, 0, 0
m-2144-L_jpg.rf.d064ce866cad19c9b18237358facfe56.jpg, 0, 0, 1, 0, 0, 0, 0, 0
m-3558-57_jpg.rf.d0d75ee2d134f99de4e062f189a50b96.jpg, 1, 0, 0, 0, 0, 0, 0, 0
m-3092-55_jpg.rf.cdab5094cb3a52d7b6c29e9ddb3c855f.jpg, 1, 0, 0, 0, 0, 0, 0, 0
m-1484-L_jpg.rf.d0d508c12253789ae11bf4b75f82fa2a.jpg, 0, 0, 1, 0, 0, 0, 0, 0
m-4763-L_jpg.rf.d084f3a1edfc5481bc6a0fdf1b16b1fa.jpg, 0, 1, 0, 0, 0, 0, 0, 0
m-456-L_jpg.rf.d0b5a8731e82c2483b2d94ec4e753174.jpg, 0, 0, 1, 0, 0, 0, 0, 0
m-1158-15_jpg.rf.d15f23ef17443e906fb09def54ed03a6.jpg, 0, 0, 0, 0, 0, 0, 1, 1
m-3042-279_jpg.rf.d2b8aabdfa3844a725a6d258e5cbdacc.jpg, 1, 0, 0, 0, 0, 0, 0, 0
m-868-L_jpg.rf.d1f1ac5750e035c095c8f463e9d83ddd.jpg, 0, 0, 0, 1, 0, 0, 0, 0
m-230-L_jpg.rf.d2543539b95b2dcc52453135e71bece0.jpg, 0, 0, 0, 0, 0, 1, 0, 0
m-447-L_jpg.rf.d338cec137bde070e11121caa3f20ee9.jpg, 0, 0, 0, 0, 0, 0, 1, 0
m-2145-L_jpg.rf.d1e08668cef1ab8fca157f0f3fd6fe8c.jpg, 0, 0, 1, 0, 0, 0, 0, 0
m-1097-348_jpg.rf.d36c15fd2d7a3128f78c12a832f3979c.jpg, 0, 0, 0, 0, 0, 0, 1, 1
m-495-L_jpg.rf.d45fba413b5657adf11228a281dfee58.jpg, 0, 0, 0, 1, 0, 0, 0, 0
m-3724-L_jpg.rf.d19b77df76069b0bd43907aabf26ec8f.jpg, 0, 0, 0, 0, 0, 0, 1, 1
m-487-L_jpg.rf.d3c4632f2ca767f8aa6f15f013a7d8e3.jpg, 0, 0, 1, 0, 0, 0, 0, 0
m-3130-330_jpg.rf.d1aa735dc0f79e8ea659abd247bcf7ca.jpg, 1, 0, 0, 0, 0, 0, 0, 0
m-5113-32_jpg.rf.d113270a9ff6fbc9932ab7a6fc2c5e62.jpg, 0, 0, 1, 0, 0, 0, 0, 0
m-3043-63_jpg.rf.d3943f0d9c6e79e2eff15914db83f627.jpg, 1, 0, 0, 0, 1, 0, 0, 0
m-942-L_jpg.rf.d523540ad21e3fe556737c11e7ce9e04.jpg, 0, 0, 0, 1, 0, 0, 0, 0
m-2324-L_jpg.rf.d52a53228236e5dd63c8f1304b247dbc.jpg, 0, 0, 1, 0, 0, 0, 0, 0
m-1184-335_jpg.rf.d66ad386580542df5a3c239f36dbb6a5.jpg, 1, 0, 0, 0, 1, 0, 0, 0
m-3882-L_jpg.rf.d410663663457b5c7343118e3f0309aa.jpg, 0, 0, 0, 0, 0, 1, 0, 0
m-74-L_jpg.rf.d3b3e6eacf70c73ab99ec39341c7472b.jpg, 0, 0, 0, 0, 0, 0, 1, 0
m-470-L_jpg.rf.d3f1943cf994867786a5dc0028e21f47.jpg, 1, 0, 0, 0, 0, 0, 0, 0
m-1371-L_jpg.rf.d673c61f2e16ba9d48e640aa44282051.jpg, 0, 0, 0, 1, 0, 0, 0, 0
m-33-L_jpg.rf.d653fe9c9c46c37a22383fa2215ec2a6.jpg, 0, 0, 1, 0, 0, 0, 0, 0
m-2047-L_jpg.rf.d5d7ca4a2e2eaa0bfe6cc4bb6feace17.jpg, 1, 0, 0, 0, 0, 0, 0, 0
m-3038-L_jpg.rf.d2d7beef22ebbe3d65f8b12c78cacefe.jpg, 0, 0, 0, 0, 0, 1, 0, 0
m-1215-L_jpg.rf.d580eeec6a548a6557f7b7447924a7c8.jpg, 1, 0, 0, 0, 1, 0, 0, 0
m-690-L_jpg.rf.d8b7991ec1f8e7adb5705c47f990c97c.jpg, 0, 0, 0, 1, 0, 0, 0, 0
m-3590-329_jpg.rf.d8368bace5e43e1f46f3d30ad88e487d.jpg, 1, 0, 0, 0, 0, 0, 0, 0
m-2063-L_jpg.rf.d58a02b5a96d4daefb768539a1815f03.jpg, 0, 0, 0, 0, 0, 0, 1, 0
m-3964-L_jpg.rf.d66f07699cb941822d1685a4e3e31072.jpg, 0, 0, 0, 0, 0, 0, 0, 1
m-3809-L_jpg.rf.d573d3b4b1b9a71a1111ba7ea711cba3.jpg, 0, 0, 0, 1, 0, 0, 0, 0
m-6441-3_jpg.rf.d71039ba5311aef7722cdb14e396cb70.jpg, 0, 0, 0, 1, 0, 0, 0, 0
m-1587-L_jpg.rf.d705b31aa9f8e741a87833b3b400c385.jpg, 0, 0, 0, 0, 1, 0, 1, 0
m-573-L_jpg.rf.d8c6e4de5438a06d074509f38d66cc15.jpg, 0, 0, 0, 1, 0, 0, 0, 0
m-317-L_jpg.rf.d8a06a7278eab33fc55c8b249e7ccbda.jpg, 0, 0, 1, 0, 0, 0, 0, 0
m-3015-L_jpg.rf.d96c0d534022c506357bab91930d0c75.jpg, 0, 0, 0, 0, 0, 0, 1, 0
m-3039-L_jpg.rf.db27b40b6a880ef662ca58f0de9cc57f.jpg, 0, 0, 0, 0, 0, 1, 0, 0
m-3471-L_jpg.rf.dd9b88a6573947a80a4e1c40114e03de.jpg, 1, 0, 0, 0, 0, 0, 0, 0
m-2752-L_jpg.rf.de3a76af5976438dd6dbbe8129f54eaa.jpg, 0, 0, 1, 0, 0, 0, 0, 0
m-3088-L_jpg.rf.ddd8d809373f0dd8b9ef4a25d24b9d9e.jpg, 0, 0, 0, 0, 0, 1, 0, 0
m-77-L_jpg.rf.d8d9e00d80d28c0857fa5f3660ed70d1.jpg, 1, 0, 0, 0, 0, 0, 0, 0
m-2077-L_jpg.rf.db937679aae6dfb09858bceb9c8002df.jpg, 0, 0, 0, 0, 0, 0, 0, 1
m-4185-359_jpg.rf.db6c4aebc37c3c801af19dd387f0f4eb.jpg, 0, 0, 1, 0, 0, 0, 0, 0
m-1355-L_jpg.rf.dc048ad3dca90a727a9d649d27c96c7c.jpg, 0, 0, 0, 0, 0, 0, 1, 0
m-3581-L_jpg.rf.d6801c55cdca4bfe1c0378a26c4b3a9a.jpg, 0, 0, 0, 1, 0, 0, 0, 0
m-4138-L_jpg.rf.df52ee432b85421933d0bd6c93925ca1.jpg, 0, 0, 0, 0, 0, 1, 0, 0
m-3130-L_jpg.rf.dc953d3c8817fc857aa194cb7b72c01c.jpg, 0, 0, 1, 0, 0, 0, 0, 0
m-2974-L_jpg.rf.dc9286e7bff72014ed30dea8bcb866d5.jpg, 0, 0, 0, 0, 0, 0, 1, 0
m-315-L_jpg.rf.deae4b91aa18daab25c70a42ff13e6eb.jpg, 1, 0, 0, 0, 0, 0, 0, 0
m-284-L_jpg.rf.e02d39c5421b6825959dbd4ee88c8e1d.jpg, 0, 0, 1, 0, 0, 0, 0, 0
m-4439-L_jpg.rf.de3aaa0b9ec5ca5b1ee0358a01472d24.jpg, 0, 0, 0, 0, 0, 1, 0, 0
m-2031-L_jpg.rf.e0460ebcc0e68a8ffd62673d1704274c.jpg, 0, 0, 0, 0, 0, 0, 1, 0
m-321-L_jpg.rf.de21fe70738fe032ed1f216041a3652f.jpg, 0, 0, 1, 0, 0, 0, 0, 0
m-3459-311_jpg.rf.e06a1bb7b45dc3f12aca7b17602bd08b.jpg, 1, 0, 0, 0, 1, 0, 0, 0
m-181-L_jpg.rf.dfc3d8a8164e18e4e3e56532e4eb1e7d.jpg, 1, 0, 0, 0, 0, 0, 0, 0
m-3543-90_jpg.rf.de8f3dbb9d5d61a1577026d76e2342e3.jpg, 0, 0, 0, 0, 0, 0, 1, 0
m-500-L_jpg.rf.defd0515788d40c5e8462eb5f80ffabc.jpg, 0, 0, 1, 0, 0, 0, 0, 0
m-4795-L_jpg.rf.dedd3657bc1ce3830f0fb5cd436ac02b.jpg, 0, 0, 0, 0, 0, 1, 0, 0
m-4602-L_jpg.rf.dec9b073a413d03ac052138ce498ee30.jpg, 0, 0, 1, 0, 0, 0, 0, 0
m-431-25_jpg.rf.e08f7cc8f02a57fc261ec895e21680ab.jpg, 0, 0, 0, 0, 0, 0, 1, 1
m-673-L_jpg.rf.e05f6f0ae2687fa623f290357a7f315f.jpg, 0, 0, 0, 1, 0, 0, 0, 0
m-3048-L_jpg.rf.e14b1e78103534217d41a988fd4ac825.jpg, 0, 0, 0, 0, 0, 0, 1, 0
m-5558-70_jpg.rf.e05ef42225e7780c8960bca11b5ad768.jpg, 0, 0, 1, 0, 0, 0, 0, 0
m-2865-L_jpg.rf.d9ed5d7722670f1d56745f6893e2dc7a.jpg, 0, 0, 0, 1, 0, 0, 0, 0
m-2895-L_jpg.rf.ddf11ec98fd1770b729878579e4f8e1c.jpg, 0, 0, 0, 1, 0, 0, 0, 0
m-213-L_jpg.rf.e2b718c64db788a313c25a7a7036dd54.jpg, 1, 0, 0, 0, 0, 0, 0, 0
m-5008-309_jpg.rf.e14af300d7a9177b68304064a163931e.jpg, 0, 0, 0, 1, 0, 0, 0, 0
m-2025-L_jpg.rf.e2cf93d6138efc3e2b38c98c1c26177c.jpg, 0, 0, 0, 0, 0, 0, 1, 0
m-1989-306_jpg.rf.e3899c44925f98d621641dadcff92cb1.jpg, 0, 0, 0, 1, 0, 0, 0, 0
m-2516-28_jpg.rf.e633af0c30d191f4357e751657e13ef2.jpg, 0, 0, 0, 1, 0, 0, 0, 0
m-35-L_jpg.rf.e573c800134797c06482f0991555e9f1.jpg, 0, 0, 1, 0, 0, 0, 0, 0
m-3648-L_jpg.rf.e73b8f49eaf7f66f1284b3b36e28d0c2.jpg, 0, 0, 0, 0, 0, 0, 0, 1
m-2555-33_jpg.rf.e1561a134f3dc5a1f937129103c686d6.jpg, 0, 0, 0, 1, 0, 0, 0, 0
m-3816-62_jpg.rf.e44a6443565573b06d4bf67e5b0394ef.jpg, 0, 0, 0, 0, 0, 0, 1, 0
m-1242-L_jpg.rf.e344a5bf925359934f95029afa7a991f.jpg, 0, 0, 1, 0, 0, 0, 0, 0
m-3701-72_jpg.rf.e36389e6eebda99020d02c72fa2bd449.jpg, 1, 0, 0, 0, 1, 0, 0, 0
m-1131-311_jpg.rf.e7f62a11e696144c31cfdf32cd9c2a8d.jpg, 0, 0, 0, 0, 0, 0, 1, 1
m-182-L_jpg.rf.e91f6a21cdc1c7aedb61cf033b5e6ca7.jpg, 1, 0, 0, 0, 0, 0, 0, 0
m-3144-L_jpg.rf.e792fbf1cbdfa6f79a557a2edbd0159f.jpg, 0, 0, 0, 1, 0, 0, 0, 0
m-3563-L_jpg.rf.e94ea21d6355a47bc6038638de005247.jpg, 0, 1, 0, 0, 0, 0, 0, 0
m-93-291_jpg.rf.e614d9465f7e668dd1e008bdf25b9776.jpg, 0, 0, 0, 1, 0, 0, 0, 0
m-2082-36_jpg.rf.e96538ac5c40afe75816d632c2521624.jpg, 0, 0, 0, 1, 0, 0, 0, 0
m-2018-L_jpg.rf.eaedbbf100c5ddb6e515fc6f22f662fa.jpg, 1, 0, 0, 0, 0, 0, 0, 0
m-733-L_jpg.rf.ea3330c367c8480e3342d5ca3016c37d.jpg, 0, 0, 0, 1, 0, 0, 0, 0
m-3074-L_jpg.rf.e555f1936fcebf73b10ed6c73be98341.jpg, 0, 0, 0, 0, 0, 1, 0, 0
m-867-L_jpg.rf.eccf528f92b445e9504ae29048bf7cd5.jpg, 0, 0, 0, 1, 0, 0, 0, 0
m-134-L_jpg.rf.e79242d1525dfc6b12b14f5295c3bd63.jpg, 0, 0, 1, 0, 0, 0, 0, 0
m-3438-L_jpg.rf.e972ed95726b0d637fa60108a57f817f.jpg, 0, 1, 0, 0, 0, 0, 0, 0
m-1236-33_jpg.rf.eaa4be2064503b51a3ec8b7ee3a2056a.jpg, 0, 0, 0, 0, 0, 0, 0, 1
m-2048-L_jpg.rf.ebecabc7fbe5e18f6616b26993282e75.jpg, 0, 0, 0, 0, 0, 0, 1, 0
m-3066-L_jpg.rf.eb6496251f8f68c885b36839c8d778e7.jpg, 0, 0, 0, 0, 0, 1, 0, 0
m-3362-L_jpg.rf.e53813f79d5fa94779199b893917903a.jpg, 0, 0, 0, 1, 0, 0, 0, 0
m-4026-58_jpg.rf.ee00c13b0c4c3125cfb828b668b993f8.jpg, 0, 0, 1, 0, 0, 0, 0, 0
m-186-L_jpg.rf.ed58c19ae97fd8f7f8a15ef3280a3c81.jpg, 0, 0, 1, 0, 0, 0, 0, 0
m-1620-40_jpg.rf.ece1c9631728d0e4050793b7778cb0f2.jpg, 0, 0, 0, 1, 0, 0, 0, 0
m-1139-314_jpg.rf.e96f31416de23b505818627b7cc90b75.jpg, 0, 0, 0, 0, 0, 0, 1, 1
m-3240-55_jpg.rf.ee1b1997b51ea63b01181307b5fcbbc6.jpg, 1, 0, 0, 0, 0, 0, 1, 0
m-3569-323_jpg.rf.f011c5eee9594114365cf58b99a49544.jpg, 0, 0, 1, 0, 0, 0, 0, 0
m-1053-51_jpg.rf.ef4acb98bbb8395f1fe732e859d3000c.jpg, 1, 0, 0, 0, 0, 0, 0, 0
m-3070-284_jpg.rf.eef7ce654af27abb8d4e0790b3b40df9.jpg, 0, 0, 0, 1, 0, 0, 0, 0
m-4955-18_jpg.rf.ed5cd19f51b9734f2a56d4044d837dbb.jpg, 0, 0, 1, 0, 0, 0, 0, 0
m-1213-L_jpg.rf.ee1faa6d3e53ecf97f48c6e856290275.jpg, 0, 0, 0, 0, 1, 0, 1, 0
m-1163-L_jpg.rf.ec2541b0df5949f6a0fad54f2f2ef027.jpg, 0, 0, 0, 0, 0, 0, 1, 0
m-15-L_jpg.rf.ed431bf4d7f2e7d834c930abf57aca4d.jpg, 0, 0, 1, 0, 0, 0, 0, 0
m-14-L_jpg.rf.ed9036e81f0fcdbd92ef1130fbb0d5d1.jpg, 0, 0, 1, 0, 0, 0, 0, 0
m-536-L_jpg.rf.eebd630ac92cd01275fe44601b1d6a89.jpg, 1, 0, 0, 0, 0, 0, 0, 0
m-2198-L_jpg.rf.ee0c471df599c7926576d6a713453e47.jpg, 1, 0, 0, 0, 0, 0, 0, 0
m-3682-7_jpg.rf.ef1e361e9752bc967f210c7451a77c64.jpg, 0, 0, 0, 0, 0, 0, 1, 0
m-454-L_jpg.rf.efd73618809ea07ca290ee22a711b952.jpg, 0, 1, 0, 0, 0, 0, 0, 0
m-3027-305_jpg.rf.f085341061eabf9286df33a8be1b079f.jpg, 0, 0, 0, 0, 0, 0, 1, 0
m-3383-L_jpg.rf.f0bba95dae2b3607b78173207a77a36b.jpg, 0, 0, 0, 0, 0, 1, 0, 0
m-3198-25_jpg.rf.f0626db7498181db8cd96c458e6b1024.jpg, 1, 0, 0, 0, 0, 0, 0, 0
m-3010-L_jpg.rf.ee76eede55578dfff52d03164cf01062.jpg, 1, 0, 0, 0, 0, 0, 0, 0
m-2519-L_jpg.rf.f11b56e5643921b168843e5d37630689.jpg, 0, 0, 0, 1, 0, 0, 0, 0
m-3745-329_jpg.rf.ed4081ab597dadfe945ecdc3ad05eaec.jpg, 1, 0, 0, 0, 1, 0, 0, 0
m-2114-L_jpg.rf.efb212eaf050e6599ae5bfafbbe002ff.jpg, 0, 0, 0, 0, 0, 0, 1, 0
m-4074-81_jpg.rf.f078a093e2faff5e422180bb41094799.jpg, 0, 0, 1, 0, 0, 0, 0, 0
m-1147-71_jpg.rf.f24019a5fff297ca1bcce376e9db26e9.jpg, 0, 0, 0, 0, 0, 0, 0, 1
m-3255-L_jpg.rf.f1ca0148bbd90e8d41e31c89403ac2da.jpg, 0, 0, 0, 0, 0, 0, 1, 1
m-2059-L_jpg.rf.f15a76f7499baeec684babf22812dc5f.jpg, 0, 0, 1, 0, 0, 0, 0, 0
m-3828-L_jpg.rf.f1ca9546b66e0a6eedce1d33a6b0bf16.jpg, 0, 0, 0, 1, 0, 0, 0, 0
m-3838-L_jpg.rf.f5a1b0ee00f7ffd3a8b6c94fabe75a80.jpg, 0, 1, 0, 0, 0, 0, 0, 0
m-460-41_jpg.rf.f256a3c5d2fc220ab371811b7a5ccae1.jpg, 0, 0, 0, 0, 0, 0, 0, 1
m-82-L_jpg.rf.f51dd8fb99462e7212907a8757d066e0.jpg, 0, 0, 0, 0, 0, 0, 1, 0
m-294-L_jpg.rf.f64dbc40ddd871870e1ef09b8073cb08.jpg, 0, 0, 1, 0, 0, 0, 0, 0
m-3409-62_jpg.rf.f5397aa9daa38bb5068e766eb2d0564f.jpg, 1, 0, 0, 0, 1, 0, 0, 0
m-2241-L_jpg.rf.f709a48a33cdeee3c16b28b47747aa58.jpg, 0, 0, 0, 0, 1, 0, 0, 0
m-568-L_jpg.rf.f79a9756e416f62993e6577877928bbe.jpg, 0, 0, 0, 0, 0, 0, 1, 0
m-2032-L_jpg.rf.f8caccde812e0312b0b9f27755a7f74a.jpg, 0, 0, 0, 0, 0, 0, 1, 0
m-1165-L_jpg.rf.f0173ccfaf6fdbfdadd5c2e2cfe5d93b.jpg, 0, 0, 0, 0, 0, 0, 1, 0
m-3556-339_jpg.rf.f5f25415d4c503e3dc8d6466026381f5.jpg, 0, 0, 0, 0, 1, 0, 1, 0
m-3150-62_jpg.rf.f37f0a32185444a44cbd05fd2c48d5d3.jpg, 1, 0, 0, 0, 1, 0, 0, 0
m-4567-L_jpg.rf.f8a6e9d3973e945f1dadcba449eb0d0b.jpg, 0, 0, 0, 1, 0, 0, 0, 0
m-2147-L_jpg.rf.f956acd8cf6ba6f8c792afc5368a42de.jpg, 0, 0, 0, 0, 0, 0, 1, 0
m-2292-L_jpg.rf.f7cc2762c43028eb841b79ab6f639544.jpg, 1, 0, 0, 0, 0, 0, 0, 0
m-4223-L_jpg.rf.f993108d7e6bf72061c158848a18314d.jpg, 0, 0, 0, 0, 0, 1, 0, 0
m-2184-L_jpg.rf.f4c6d1f0e57878a22bc646c9f6c579ea.jpg, 0, 0, 1, 0, 0, 0, 0, 0
m-4384-L_jpg.rf.f3936b7553b5fe2c798202820bb65c1a.jpg, 0, 0, 0, 0, 0, 0, 0, 1
m-3751-30_jpg.rf.f0c0f64613d3b176c14e55ef2bbfef0d.jpg, 0, 0, 0, 0, 1, 0, 1, 0
m-3250-L_jpg.rf.f5e714b5b06f5f4cdea6e97e8966ff75.jpg, 0, 1, 0, 0, 0, 0, 0, 0
m-3416-291_jpg.rf.fa337e1f16bbed073dcced93a1d66ab7.jpg, 1, 0, 0, 0, 1, 0, 0, 0
m-2005-L_jpg.rf.f79dce1c301f86a4a025d7cb6c1babff.jpg, 0, 0, 0, 1, 0, 0, 0, 0
m-3057-L_jpg.rf.f93762a1ea08e409b999c80029643257.jpg, 0, 0, 0, 0, 0, 1, 0, 0
m-453-24_jpg.rf.f89b530aceed07d4672a7dab7ca9d204.jpg, 0, 0, 0, 0, 0, 0, 0, 1
m-3616-314_jpg.rf.f43f9f869b302b135c5ee5d3b1f98745.jpg, 0, 0, 0, 1, 0, 0, 0, 0
m-3504-L_jpg.rf.fa7b39559d621f796d43c908106e0bd2.jpg, 0, 0, 0, 0, 0, 1, 0, 0
m-2647-L_jpg.rf.fa967d690db17f39c20a27536e06eaa9.jpg, 0, 0, 0, 0, 0, 0, 0, 1
m-618-L_jpg.rf.fa326f2e295132834f358c88b4751574.jpg, 0, 0, 0, 1, 0, 0, 0, 0
m-482-24_jpg.rf.fb9a5515e9a497fed160f44ce6bba8f3.jpg, 0, 0, 0, 0, 0, 0, 0, 1
m-3256-298_jpg.rf.ff1b1b25242f6e4013e65b66cd64377d.jpg, 1, 0, 0, 0, 1, 0, 0, 0
m-2008-L_jpg.rf.fa63363058d8017d206e765c9a1e08cd.jpg, 0, 0, 0, 0, 0, 0, 1, 0
m-4510-L_jpg.rf.ff2afe6125142fa3af7d242b7b3aa104.jpg, 1, 0, 0, 0, 0, 1, 0, 0
m-3557-296_jpg.rf.ff2397b145b29c921a22566c4bb9da71.jpg, 0, 0, 1, 0, 0, 0, 0, 0
m-4830-L_jpg.rf.fde689912c3870c833a0960fdad0f9c2.jpg, 0, 0, 0, 0, 0, 0, 0, 1
m-3981-24_jpg.rf.fdb2272c111f7041b013a3d8c672e2ed.jpg, 0, 0, 1, 0, 0, 0, 0, 0
m-3828-16_jpg.rf.fb5bb7ed08a5bda2b6738683257b60a1.jpg, 0, 0, 1, 0, 0, 0, 0, 0
m-3721-L_jpg.rf.fa955950c29fa728aa37fb7e34985b7a.jpg, 0, 1, 0, 0, 0, 0, 0, 1
m-3365-271_jpg.rf.fd2befeb30eca45cc317617273e115da.jpg, 0, 0, 0, 0, 1, 0, 1, 0
m-3956-76_jpg.rf.fd523b5ad2180e44275f02d21e2ae607.jpg, 0, 0, 1, 0, 0, 0, 0, 0
m-1875-294_jpg.rf.ff6ae16dbe39ea697b3c1647e5f28634.jpg, 0, 0, 0, 0, 1, 0, 0, 0
m-376-L_jpg.rf.fe1de45673d8966a3b966d166c022e08.jpg, 1, 0, 0, 0, 0, 0, 1, 0
m-2133-L_jpg.rf.fdbf3542bb70ae8b9be927415ab28ccc.jpg, 0, 0, 0, 0, 0, 0, 1, 0
m-23-L_jpg.rf.ff7541035c61b8fde794745a01fcb52c.jpg, 0, 0, 1, 0, 0, 0, 0, 0
m-4482-326_jpg.rf.fdfbc6c406fa7f4694f176225b0a047b.jpg, 0, 0, 0, 1, 0, 0, 0, 0
m-3286-332_jpg.rf.ff6e71e992ef5d1499db942400b01278.jpg, 0, 0, 0, 1, 0, 0, 0, 0
m-3458-53_jpg.rf.fb440a39b1a646a663715f93a6a0bfe3.jpg, 0, 0, 0, 0, 1, 0, 1, 0